-- MariaDB dump 10.17  Distrib 10.4.6-MariaDB, for Win64 (AMD64)
--
-- Host: localhost    Database: beta_qms
-- ------------------------------------------------------
-- Server version	10.4.6-MariaDB

/*!40101 SET @OLD_CHARACTER_SET_CLIENT=@@CHARACTER_SET_CLIENT */;
/*!40101 SET @OLD_CHARACTER_SET_RESULTS=@@CHARACTER_SET_RESULTS */;
/*!40101 SET @OLD_COLLATION_CONNECTION=@@COLLATION_CONNECTION */;
/*!40101 SET NAMES utf8mb4 */;
/*!40103 SET @OLD_TIME_ZONE=@@TIME_ZONE */;
/*!40103 SET TIME_ZONE='+00:00' */;
/*!40014 SET @OLD_UNIQUE_CHECKS=@@UNIQUE_CHECKS, UNIQUE_CHECKS=0 */;
/*!40014 SET @OLD_FOREIGN_KEY_CHECKS=@@FOREIGN_KEY_CHECKS, FOREIGN_KEY_CHECKS=0 */;
/*!40101 SET @OLD_SQL_MODE=@@SQL_MODE, SQL_MODE='NO_AUTO_VALUE_ON_ZERO' */;
/*!40111 SET @OLD_SQL_NOTES=@@SQL_NOTES, SQL_NOTES=0 */;

--
-- Table structure for table `admin`
--

DROP TABLE IF EXISTS `admin`;
/*!40101 SET @saved_cs_client     = @@character_set_client */;
/*!40101 SET character_set_client = utf8 */;
CREATE TABLE `admin` (
  `id` int(11) NOT NULL AUTO_INCREMENT,
  `emailid` varchar(20) NOT NULL,
  `password` varchar(20) NOT NULL,
  `is_active` int(11) NOT NULL DEFAULT 1,
  `type` int(11) NOT NULL DEFAULT 1,
  PRIMARY KEY (`id`)
) ENGINE=MyISAM AUTO_INCREMENT=6 DEFAULT CHARSET=latin1;
/*!40101 SET character_set_client = @saved_cs_client */;

--
-- Dumping data for table `admin`
--

LOCK TABLES `admin` WRITE;
/*!40000 ALTER TABLE `admin` DISABLE KEYS */;
INSERT INTO `admin` VALUES (2,'admin@gmail.com','admin',1,1);
/*!40000 ALTER TABLE `admin` ENABLE KEYS */;
UNLOCK TABLES;

--
-- Table structure for table `agent_performance`
--

DROP TABLE IF EXISTS `agent_performance`;
/*!40101 SET @saved_cs_client     = @@character_set_client */;
/*!40101 SET character_set_client = utf8 */;
CREATE TABLE `agent_performance` (
  `id` int(11) NOT NULL AUTO_INCREMENT,
  `agents_id` int(11) NOT NULL,
  `agents_msd` varchar(50) NOT NULL,
  `date_of` date NOT NULL,
  `Inbound_StaffedDuration` time NOT NULL,
  `Inbound_ReadyDuration` time NOT NULL,
  `Inbound_BreakDuration` time NOT NULL,
  `Inbound_IdleTime` decimal(10,2) NOT NULL,
  `Inbound_HoldTime` time NOT NULL,
  `Inbound_NumberOfcallsOffered` int(11) NOT NULL,
  `Inbound_NumberofCallanswered` int(11) NOT NULL,
  `Inbound_AbandonedPer` decimal(10,2) NOT NULL,
  `Inbound_AHT` time NOT NULL,
  `Outbound_StaffedDuration` time NOT NULL,
  `Outbound_ReadyDuration` time NOT NULL,
  `Outbound_BreakDuration` time NOT NULL,
  `Outbound_IdleTime` decimal(10,0) NOT NULL,
  `Outbound_HoldTime` time NOT NULL,
  `Outbound_NumberOfCallsDial` int(11) NOT NULL,
  `Outbound_NumberofCallsconnected` int(11) NOT NULL,
  `Outbound_ConnectivityPer` decimal(10,2) NOT NULL,
  `Outbound_AHT` time NOT NULL,
  PRIMARY KEY (`id`),
  KEY `agents_id` (`agents_id`),
  CONSTRAINT `agent_performance_ibfk_1` FOREIGN KEY (`agents_id`) REFERENCES `agents` (`id`)
) ENGINE=InnoDB AUTO_INCREMENT=447 DEFAULT CHARSET=utf8;
/*!40101 SET character_set_client = @saved_cs_client */;

--
-- Dumping data for table `agent_performance`
--

LOCK TABLES `agent_performance` WRITE;
/*!40000 ALTER TABLE `agent_performance` DISABLE KEYS */;
INSERT INTO `agent_performance` VALUES (1,2,'MSD17004','2020-06-01','00:00:00','00:00:00','00:00:00',0.00,'00:00:00',0,0,0.00,'00:00:00','08:25:14','07:40:09','00:45:02',13,'00:00:00',51,29,56.86,'00:02:02'),(2,3,'MSD17077','2020-06-01','08:13:08','07:32:34','00:40:33',61.27,'00:00:00',159,159,0.00,'00:01:45','00:00:00','00:00:00','00:00:00',0,'00:00:00',0,0,0.00,'00:00:00'),(3,5,'MSD16874','2020-06-01','00:11:54','00:11:54','00:00:00',79.97,'00:00:00',4,4,0.00,'00:02:23','08:03:24','07:29:26','00:33:52',41,'00:00:00',256,163,63.67,'00:01:07'),(4,6,'MSD17140','2020-06-01','08:13:26','07:44:25','00:28:57',70.66,'00:00:00',116,116,0.00,'00:02:50','00:00:00','00:00:00','00:00:00',0,'00:00:00',0,0,0.00,'00:00:00'),(5,7,'MSD17142','2020-06-01','08:05:24','07:35:19','00:30:03',64.40,'00:00:00',151,151,0.00,'00:01:56','00:00:00','00:00:00','00:00:00',0,'00:00:00',0,0,0.00,'00:00:00'),(6,8,'MSD17006','2020-06-01','08:01:59','07:30:08','00:31:49',77.52,'00:00:00',123,123,0.00,'00:02:50','00:04:54','00:04:54','00:00:00',0,'00:00:00',0,0,0.00,'00:00:00'),(7,10,'MSD17138','2020-06-01','05:05:16','04:56:53','00:08:19',69.06,'00:00:00',68,68,0.00,'00:03:01','03:13:55','02:52:47','00:21:07',39,'00:00:00',123,64,52.03,'00:01:03'),(8,11,'MSD17072','2020-06-01','00:00:00','00:00:00','00:00:00',0.00,'00:00:00',0,0,0.00,'00:00:00','00:00:00','00:00:00','00:00:00',0,'00:00:00',0,0,0.00,'00:00:00'),(9,12,'MSD17011','2020-06-01','02:07:38','02:06:18','00:01:19',81.86,'00:00:00',31,31,0.00,'00:03:20','06:12:25','05:42:08','00:30:13',38,'00:00:00',212,133,62.74,'00:00:59'),(10,13,'MSD16528','2020-06-01','03:16:19','03:00:01','00:16:18',85.60,'00:00:00',44,44,0.00,'00:03:30','05:01:26','04:39:51','00:21:32',23,'00:00:00',149,95,63.76,'00:00:41'),(11,16,'MSD17069','2020-06-01','08:18:44','07:43:10','00:35:31',75.20,'00:00:00',109,108,0.92,'00:03:13','00:00:00','00:00:00','00:00:00',0,'00:00:00',0,0,0.00,'00:00:00'),(12,18,'MSD16448','2020-06-01','08:07:05','07:30:25','00:36:37',63.28,'00:00:00',155,154,0.65,'00:01:51','00:00:00','00:00:00','00:00:00',0,'00:00:00',0,0,0.00,'00:00:00'),(13,19,'MSD16553','2020-06-01','07:33:58','07:28:09','00:05:47',73.21,'00:00:00',105,105,0.00,'00:03:07','00:41:50','00:05:21','00:36:29',0,'00:00:00',0,0,0.00,'00:00:00'),(14,294,'MSD19519','2020-06-01','08:32:36','07:39:34','00:53:01',64.09,'00:00:00',167,167,0.00,'00:01:46','00:00:00','00:00:00','00:00:00',0,'00:00:00',0,0,0.00,'00:00:00'),(15,22,'MSD16552','2020-06-01','05:21:51','05:13:56','00:07:54',76.75,'00:00:00',72,72,0.00,'00:03:21','02:42:12','02:25:06','00:17:05',19,'00:00:00',57,24,42.11,'00:01:08'),(16,23,'MSD17056','2020-06-01','08:05:46','07:33:34','00:32:08',65.09,'00:06:16',165,165,0.00,'00:01:50','00:00:17','00:00:09','00:00:08',0,'00:00:00',0,0,0.00,'00:00:00'),(17,24,'MSD17570','2020-06-01','00:00:00','00:00:00','00:00:00',0.00,'00:00:00',0,0,0.00,'00:00:00','00:00:00','00:00:00','00:00:00',0,'00:00:00',0,0,0.00,'00:00:00'),(18,271,'MSD18960','2020-06-01','00:00:00','00:00:00','00:00:00',0.00,'00:00:00',0,0,0.00,'00:00:00','00:00:00','00:00:00','00:00:00',0,'00:00:00',0,0,0.00,'00:00:00'),(19,272,'MSD18962','2020-06-01','03:41:01','03:40:48','00:00:12',80.02,'00:00:00',56,56,0.00,'00:03:09','04:40:28','04:09:37','00:30:48',29,'00:00:00',134,74,55.22,'00:00:59'),(20,299,'MSD19733','2020-06-01','05:32:00','05:29:29','00:02:30',80.00,'00:00:00',83,83,0.00,'00:03:10','02:35:36','02:14:17','00:21:18',36,'00:00:00',93,44,47.31,'00:01:06'),(21,298,'MSD19726','2020-06-01','06:10:55','06:04:12','00:06:40',71.62,'00:00:00',80,79,1.25,'00:03:18','01:57:05','01:43:23','00:13:41',30,'00:00:00',60,35,58.33,'00:00:53'),(22,31,'MSD16993','2020-06-01','08:03:01','08:00:26','00:02:31',25.08,'00:00:00',84,82,2.38,'00:01:28','00:00:00','00:00:00','00:00:00',0,'00:00:00',0,0,0.00,'00:00:00'),(23,43,'MSD18707','2020-06-01','00:00:00','00:00:00','00:00:00',0.00,'00:00:00',0,0,0.00,'00:00:00','00:00:00','00:00:00','00:00:00',0,'00:00:00',0,0,0.00,'00:00:00'),(24,44,'MSD18709','2020-06-01','00:00:00','00:00:00','00:00:00',0.00,'00:00:00',0,0,0.00,'00:00:00','00:00:00','00:00:00','00:00:00',0,'00:00:00',0,0,0.00,'00:00:00'),(25,252,'MSD18983','2020-06-01','08:16:13','07:41:01','00:35:11',76.26,'00:00:00',121,121,0.00,'00:02:54','00:00:00','00:00:00','00:00:00',0,'00:00:00',0,0,0.00,'00:00:00'),(26,263,'MSD18994','2020-06-01','08:20:36','07:38:26','00:42:04',60.75,'00:00:57',167,164,1.80,'00:01:42','00:00:00','00:00:00','00:00:00',0,'00:00:00',0,0,0.00,'00:00:00'),(27,260,'MSD18969','2020-06-01','05:08:36','04:49:12','00:19:20',66.64,'00:00:00',64,64,0.00,'00:03:01','03:15:26','02:49:06','00:26:19',20,'00:00:00',69,39,56.52,'00:00:53'),(28,103,'MSD16779','2020-06-01','03:05:31','02:46:29','00:19:01',63.89,'00:03:31',36,36,0.00,'00:03:03','04:59:59','04:56:19','00:03:39',35,'00:00:00',147,83,56.46,'00:01:15'),(29,97,'MSD16612','2020-06-01','08:24:13','07:40:48','00:43:22',65.34,'00:00:00',164,164,0.00,'00:01:50','00:00:00','00:00:00','00:00:00',0,'00:00:00',0,0,0.00,'00:00:00'),(30,155,'MSD16704','2020-06-01','00:00:00','00:00:00','00:00:00',0.00,'00:00:00',0,0,0.00,'00:00:00','00:00:00','00:00:00','00:00:00',0,'00:00:00',0,0,0.00,'00:00:00'),(31,82,'MSD17594','2020-06-01','07:08:51','06:46:01','00:22:46',23.56,'00:00:40',38,38,0.00,'00:02:32','00:53:57','00:51:09','00:02:48',10,'00:00:00',21,7,33.33,'00:00:46'),(32,156,'MSD16994','2020-06-01','08:34:27','07:37:04','00:57:21',12.81,'00:00:00',57,56,1.75,'00:01:02','00:00:00','00:00:00','00:00:00',0,'00:00:00',0,0,0.00,'00:00:00'),(33,124,'MSD16880','2020-06-01','09:21:35','08:59:13','00:22:17',67.01,'00:00:52',232,232,0.00,'00:01:34','00:00:00','00:00:00','00:00:00',0,'00:00:00',0,0,0.00,'00:00:00'),(34,315,'MSD19720','2020-06-01','07:07:15','06:35:58','00:31:13',21.34,'00:00:00',40,40,0.00,'00:02:06','01:05:57','01:05:57','00:00:00',29,'00:00:00',56,25,44.64,'00:00:45'),(35,316,'MSD19750','2020-06-01','08:19:40','07:36:59','00:42:36',21.89,'00:00:00',54,49,9.26,'00:02:02','00:00:00','00:00:00','00:00:00',0,'00:00:00',0,0,0.00,'00:00:00'),(36,347,'MSD19974','2020-06-01','08:00:51','07:43:15','00:17:35',20.30,'00:00:00',55,55,0.00,'00:01:42','00:00:00','00:00:00','00:00:00',0,'00:00:00',0,0,0.00,'00:00:00'),(37,349,'MSD19955','2020-06-01','08:11:07','07:36:49','00:34:11',66.21,'00:00:00',112,112,0.00,'00:02:42','00:00:00','00:00:00','00:00:00',0,'00:00:00',0,0,0.00,'00:00:00'),(38,360,'MSD20256','2020-06-01','08:44:10','07:57:36','00:46:32',46.23,'00:00:00',242,241,0.41,'00:00:55','00:00:00','00:00:00','00:00:00',0,'00:00:00',0,0,0.00,'00:00:00'),(39,361,'MSD20257','2020-06-01','06:18:00','06:13:19','00:04:39',20.64,'00:00:00',35,35,0.00,'00:02:12','01:23:47','01:23:47','00:00:00',15,'00:00:00',40,17,42.50,'00:00:44'),(40,387,'MSD20491','2020-06-01','00:00:00','00:00:00','00:00:00',0.00,'00:00:00',0,0,0.00,'00:00:00','00:00:00','00:00:00','00:00:00',0,'00:00:00',0,0,0.00,'00:00:00'),(41,259,'MSD18958','2020-06-01','06:50:42','06:17:59','00:32:37',23.99,'00:00:34',33,33,0.00,'00:02:46','01:25:55','01:25:52','00:00:02',23,'00:00:00',60,25,41.67,'00:00:47'),(42,302,'MSD19715','2020-06-01','00:00:00','00:00:00','00:00:00',0.00,'00:00:00',0,0,0.00,'00:00:00','00:00:00','00:00:00','00:00:00',0,'00:00:00',0,0,0.00,'00:00:00'),(43,301,'MSD19716','2020-06-01','08:20:11','08:12:42','00:07:27',36.89,'00:00:00',87,86,1.15,'00:02:07','00:00:00','00:00:00','00:00:00',0,'00:00:00',0,0,0.00,'00:00:00'),(44,136,'MSD16984','2020-06-01','07:52:35','07:19:16','00:33:16',72.94,'00:00:00',85,85,0.00,'00:03:46','00:16:20','00:16:20','00:00:00',0,'00:00:00',0,0,0.00,'00:00:00'),(45,329,'MSD19947','2020-06-01','00:00:00','00:00:00','00:00:00',0.00,'00:00:00',0,0,0.00,'00:00:00','00:00:00','00:00:00','00:00:00',0,'00:00:00',0,0,0.00,'00:00:00'),(46,330,'MSD19948','2020-06-01','08:11:19','07:45:56','00:25:19',68.90,'00:00:00',106,106,0.00,'00:03:02','00:00:00','00:00:00','00:00:00',0,'00:00:00',0,0,0.00,'00:00:00'),(47,331,'MSD19951','2020-06-01','07:05:31','06:45:51','00:19:36',20.98,'00:00:00',40,40,0.00,'00:02:08','00:58:46','00:58:46','00:00:00',31,'00:00:00',51,27,52.94,'00:00:40'),(48,334,'MSD19954','2020-06-01','08:25:22','08:21:18','00:04:03',20.16,'00:00:00',117,113,3.42,'00:00:54','00:00:00','00:00:00','00:00:00',0,'00:00:00',0,0,0.00,'00:00:00'),(49,340,'MSD19956','2020-06-01','00:00:00','00:00:00','00:00:00',0.00,'00:00:00',0,0,0.00,'00:00:00','00:00:00','00:00:00','00:00:00',0,'00:00:00',0,0,0.00,'00:00:00'),(50,345,'MSD19968','2020-06-01','08:20:04','07:40:01','00:40:00',72.86,'00:00:00',94,94,0.00,'00:03:34','00:00:00','00:00:00','00:00:00',0,'00:00:00',0,0,0.00,'00:00:00'),(51,99,'MSD16633','2020-06-01','09:28:55','07:40:10','01:48:41',46.15,'00:03:13',88,88,0.00,'00:02:27','00:00:00','00:00:00','00:00:00',0,'00:00:00',0,0,0.00,'00:00:00'),(52,356,'MSD20249','2020-06-01','08:07:50','07:36:44','00:31:03',68.22,'00:00:00',112,112,0.00,'00:02:47','00:00:00','00:00:00','00:00:00',0,'00:00:00',0,0,0.00,'00:00:00'),(53,371,'MSD20457','2020-06-01','05:21:51','05:14:44','00:07:05',76.73,'00:00:00',95,95,0.00,'00:02:32','02:45:38','02:20:14','00:25:24',32,'00:00:00',99,53,53.54,'00:00:50'),(54,358,'MSD20251','2020-06-01','00:00:00','00:00:00','00:00:00',0.00,'00:00:00',0,0,0.00,'00:00:00','00:00:00','00:00:00','00:00:00',0,'00:00:00',0,0,0.00,'00:00:00'),(55,199,'MSD16569','2020-06-01','00:00:00','00:00:00','00:00:00',0.00,'00:00:00',0,0,0.00,'00:00:00','00:00:00','00:00:00','00:00:00',0,'00:00:00',0,0,0.00,'00:00:00'),(56,372,'MSD20458','2020-06-01','09:10:23','08:39:02','00:31:20',57.30,'00:00:00',157,157,0.00,'00:01:54','00:00:00','00:00:00','00:00:00',0,'00:00:00',0,0,0.00,'00:00:00'),(57,32,'MSD17073','2020-06-01','00:00:00','00:00:00','00:00:00',0.00,'00:00:00',0,0,0.00,'00:00:00','00:00:00','00:00:00','00:00:00',0,'00:00:00',0,0,0.00,'00:00:00'),(58,65,'MSD17739','2020-06-01','02:04:16','02:04:10','00:00:06',82.71,'00:00:00',32,32,0.00,'00:03:12','06:14:57','05:45:49','00:29:05',36,'00:00:00',214,107,50.00,'00:01:11'),(59,389,'MSD20498','2020-06-01','08:18:34','07:38:18','00:40:12',70.87,'00:00:00',119,118,0.84,'00:02:45','00:00:00','00:00:00','00:00:00',0,'00:00:00',0,0,0.00,'00:00:00'),(60,238,'MSD18970','2020-06-01','05:29:27','05:17:55','00:11:30',71.75,'00:00:00',72,72,0.00,'00:03:10','02:48:38','02:26:59','00:21:37',29,'00:00:00',101,42,41.58,'00:01:00'),(61,68,'MSD16897','2020-06-01','05:39:49','04:47:44','00:52:00',76.62,'00:00:00',74,73,1.35,'00:03:01','02:48:43','02:47:07','00:01:35',12,'00:00:00',62,15,24.19,'00:01:20'),(62,62,'MSD16986','2020-06-01','08:27:21','07:34:23','00:52:50',79.08,'00:00:00',122,122,0.00,'00:02:57','00:02:41','00:02:38','00:00:02',3,'00:00:00',1,0,0.00,'00:00:00'),(63,75,'MSD17740','2020-06-01','03:28:49','03:27:39','00:01:08',85.52,'00:00:00',45,45,0.00,'00:03:57','04:50:13','04:19:39','00:30:32',35,'00:00:00',146,72,49.32,'00:01:16'),(64,55,'MSD16561','2020-06-01','08:18:40','07:44:16','00:34:20',70.89,'00:00:00',106,104,1.89,'00:03:10','00:00:00','00:00:00','00:00:00',0,'00:00:00',0,0,0.00,'00:00:00'),(65,71,'MSD16998','2020-06-01','08:08:51','07:32:01','00:36:48',74.55,'00:00:00',145,145,0.00,'00:02:19','00:00:00','00:00:00','00:00:00',0,'00:00:00',0,0,0.00,'00:00:00'),(66,297,'MSD19734','2020-06-01','04:27:52','03:49:02','00:38:47',71.72,'00:00:00',59,59,0.00,'00:02:47','03:52:44','03:46:25','00:06:17',17,'00:00:00',98,56,57.14,'00:00:41'),(67,64,'MSD17143','2020-06-01','04:31:39','04:13:35','00:18:04',70.72,'00:00:00',47,47,0.00,'00:03:49','03:38:08','03:25:53','00:12:15',36,'00:00:00',143,77,53.85,'00:00:57'),(68,239,'MSD18985','2020-06-01','03:08:58','03:03:17','00:05:40',65.88,'00:00:00',48,48,0.00,'00:02:31','05:01:38','04:42:38','00:18:59',34,'00:00:00',153,93,60.78,'00:01:02'),(69,57,'MSD16447','2020-06-01','05:02:49','04:58:10','00:04:36',63.74,'00:00:00',84,84,0.00,'00:02:16','03:16:09','02:37:28','00:38:39',34,'00:00:00',149,77,51.68,'00:00:42'),(70,67,'MSD16449','2020-06-01','08:17:07','07:35:48','00:41:15',61.48,'00:00:00',171,169,1.17,'00:01:39','00:00:00','00:00:00','00:00:00',0,'00:00:00',0,0,0.00,'00:00:00'),(71,73,'MSD16888','2020-06-01','08:19:33','07:36:08','00:43:19',73.47,'00:00:00',96,94,2.08,'00:03:34','00:00:00','00:00:00','00:00:00',0,'00:00:00',0,0,0.00,'00:00:00'),(72,72,'MSD17000','2020-06-01','08:24:22','07:48:06','00:36:13',66.08,'00:00:00',148,144,2.70,'00:02:09','00:00:00','00:00:00','00:00:00',0,'00:00:00',0,0,0.00,'00:00:00'),(73,58,'MSD15897','2020-06-01','02:46:59','02:45:27','00:01:31',83.46,'00:00:00',43,43,0.00,'00:03:12','05:31:20','05:05:45','00:25:32',33,'00:00:00',151,78,51.66,'00:01:18'),(74,240,'MSD18999','2020-06-01','07:01:15','06:17:48','00:43:25',73.42,'00:00:00',93,93,0.00,'00:02:59','01:28:19','01:22:25','00:05:52',26,'00:00:00',47,26,55.32,'00:00:49'),(75,69,'MSD17587','2020-06-01','08:26:44','07:43:15','00:43:26',46.67,'00:00:08',148,148,0.00,'00:01:28','00:00:00','00:00:00','00:00:00',0,'00:00:00',0,0,0.00,'00:00:00'),(76,54,'MSD16525','2020-06-01','00:00:00','00:00:00','00:00:00',0.00,'00:00:00',0,0,0.00,'00:00:00','00:00:00','00:00:00','00:00:00',0,'00:00:00',0,0,0.00,'00:00:00'),(77,59,'MSD16526','2020-06-01','00:00:00','00:00:00','00:00:00',0.00,'00:00:00',0,0,0.00,'00:00:00','00:00:00','00:00:00','00:00:00',0,'00:00:00',0,0,0.00,'00:00:00'),(78,248,'MSD17001','2020-06-01','00:00:00','00:00:00','00:00:00',0.00,'00:00:00',0,0,0.00,'00:00:00','00:00:00','00:00:00','00:00:00',0,'00:00:00',0,0,0.00,'00:00:00'),(79,63,'MSD17442','2020-06-01','08:15:40','07:35:10','00:40:24',74.92,'00:00:00',104,104,0.00,'00:03:17','00:00:00','00:00:00','00:00:00',0,'00:00:00',0,0,0.00,'00:00:00'),(80,52,'MSD18695','2020-06-01','00:43:38','00:42:15','00:01:23',73.45,'00:00:00',9,9,0.00,'00:03:26','07:36:42','07:08:09','00:28:30',18,'00:00:00',247,82,33.20,'00:00:57'),(81,74,'MSD15813','2020-06-01','01:31:22','01:31:10','00:00:11',55.06,'00:00:00',16,16,0.00,'00:03:08','06:50:50','06:26:43','00:24:05',31,'00:00:00',273,164,60.07,'00:00:44'),(82,351,'MSD20229','2020-06-01','09:29:31','07:38:23','01:51:07',61.73,'00:00:00',168,168,0.00,'00:01:41','00:00:00','00:00:00','00:00:00',0,'00:00:00',0,0,0.00,'00:00:00'),(83,35,'MSD16549','2020-06-01','08:07:14','07:41:32','00:25:41',73.33,'00:00:00',161,160,0.62,'00:02:07','00:00:00','00:00:00','00:00:00',0,'00:00:00',0,0,0.00,'00:00:00'),(84,139,'MSD16548','2020-06-01','08:39:15','07:53:03','00:46:08',55.59,'00:00:00',97,96,1.03,'00:02:44','00:00:00','00:00:00','00:00:00',0,'00:00:00',0,0,0.00,'00:00:00'),(85,385,'MSD20489','2020-06-01','00:00:00','00:00:00','00:00:00',0.00,'00:00:00',0,0,0.00,'00:00:00','00:00:00','00:00:00','00:00:00',0,'00:00:00',0,0,0.00,'00:00:00'),(86,370,'MSD20455','2020-06-01','07:11:25','06:32:02','00:39:19',25.01,'00:00:00',38,38,0.00,'00:02:35','01:07:01','01:07:01','00:00:00',15,'00:00:00',35,11,31.43,'00:00:56'),(87,132,'MSD16975','2020-06-01','08:11:13','07:47:28','00:23:44',16.00,'00:00:00',63,63,0.00,'00:01:11','00:00:00','00:00:00','00:00:00',0,'00:00:00',0,0,0.00,'00:00:00'),(88,142,'MSD16973','2020-06-01','08:28:10','07:50:48','00:37:17',49.04,'00:00:00',117,114,2.56,'00:02:01','00:00:00','00:00:00','00:00:00',0,'00:00:00',0,0,0.00,'00:00:00'),(89,216,'MSD17755','2020-06-01','08:58:09','07:51:27','01:06:37',57.24,'00:00:00',111,111,0.00,'00:02:26','00:00:00','00:00:00','00:00:00',0,'00:00:00',0,0,0.00,'00:00:00'),(90,100,'MSD16770','2020-06-01','04:25:56','04:18:45','00:07:09',78.63,'00:00:00',84,84,0.00,'00:02:25','00:00:00','00:00:00','00:00:00',0,'00:00:00',0,0,0.00,'00:00:00'),(91,369,'MSD20454','2020-06-01','00:00:00','00:00:00','00:00:00',0.00,'00:00:00',0,0,0.00,'00:00:00','00:00:00','00:00:00','00:00:00',0,'00:00:00',0,0,0.00,'00:00:00'),(92,284,'MSD19549','2020-06-01','03:15:32','02:46:45','00:28:45',66.54,'00:00:49',34,34,0.00,'00:03:17','05:20:19','04:48:56','00:31:19',21,'00:00:00',157,66,42.04,'00:00:55'),(93,368,'MSD20453','2020-06-01','08:07:08','07:32:20','00:34:43',72.12,'00:00:00',83,83,0.00,'00:03:56','00:09:48','00:09:32','00:00:16',0,'00:00:00',0,0,0.00,'00:00:00'),(94,131,'MSD16442','2020-06-01','08:02:59','07:33:12','00:29:44',79.56,'00:00:46',116,116,0.00,'00:03:07','00:00:00','00:00:00','00:00:00',0,'00:00:00',0,0,0.00,'00:00:00'),(95,123,'MSD16623','2020-06-01','00:00:00','00:00:00','00:00:00',0.00,'00:00:00',0,0,0.00,'00:00:00','00:00:00','00:00:00','00:00:00',0,'00:00:00',0,0,0.00,'00:00:00'),(96,281,'MSD19533','2020-06-01','07:02:16','06:22:32','00:39:40',23.85,'00:00:00',37,37,0.00,'00:02:28','01:17:32','01:17:32','00:00:00',17,'00:00:00',34,15,44.12,'00:00:52'),(97,115,'MSD17446','2020-06-01','07:00:11','06:45:18','00:14:52',23.78,'00:00:00',37,37,0.00,'00:02:36','01:05:01','01:05:01','00:00:00',20,'00:00:00',40,16,40.00,'00:00:48'),(98,92,'MSD16793','2020-06-01','08:09:58','07:39:08','00:30:47',76.85,'00:06:13',125,125,0.00,'00:02:52','00:00:00','00:00:00','00:00:00',0,'00:00:00',0,0,0.00,'00:00:00'),(99,125,'MSD16568','2020-06-01','00:37:47','00:24:14','00:13:33',68.23,'00:00:00',6,6,0.00,'00:02:45','07:55:08','07:16:00','00:39:06',18,'00:00:00',270,120,44.44,'00:00:39'),(100,205,'MSD15885','2020-06-01','00:00:00','00:00:00','00:00:00',0.00,'00:00:00',0,0,0.00,'00:00:00','00:00:00','00:00:00','00:00:00',0,'00:00:00',0,0,0.00,'00:00:00'),(101,243,'MSD18956','2020-06-01','06:56:17','06:38:20','00:17:54',22.32,'00:00:00',36,36,0.00,'00:02:28','01:11:13','01:01:27','00:09:45',20,'00:00:00',34,11,32.35,'00:01:05'),(102,275,'MSD19516','2020-06-01','08:24:15','07:33:31','00:50:41',68.37,'00:01:30',103,103,0.00,'00:03:01','00:00:00','00:00:00','00:00:00',0,'00:00:00',0,0,0.00,'00:00:00'),(103,251,'MSD18987','2020-06-01','06:57:15','06:29:37','00:27:36',70.51,'00:00:42',89,89,0.00,'00:03:06','01:11:55','01:10:10','00:01:44',12,'00:00:00',16,10,62.50,'00:00:50'),(104,134,'MSD16618','2020-06-01','00:00:00','00:00:00','00:00:00',0.00,'00:00:00',0,0,0.00,'00:00:00','08:42:36','07:40:39','01:01:54',17,'00:00:00',127,66,51.97,'00:01:13'),(105,289,'MSD19540','2020-06-01','08:14:18','07:40:50','00:33:23',63.48,'00:00:00',117,117,0.00,'00:02:30','00:00:00','00:00:00','00:00:00',0,'00:00:00',0,0,0.00,'00:00:00'),(106,151,'MSD17764','2020-06-01','05:15:46','04:55:30','00:20:13',76.28,'00:00:54',60,60,0.00,'00:03:46','02:52:29','02:43:28','00:09:01',33,'00:00:00',72,44,61.11,'00:01:13'),(107,163,'MSD15881','2020-06-01','01:35:20','01:35:20','00:00:00',6.59,'00:00:00',6,6,0.00,'00:01:02','08:17:30','07:44:18','00:33:07',10,'00:00:00',142,46,32.39,'00:01:02'),(108,343,'MSD19960','2020-06-01','08:07:43','07:32:53','00:34:49',51.47,'00:00:00',227,220,3.08,'00:01:04','00:00:00','00:00:00','00:00:00',0,'00:00:00',0,0,0.00,'00:00:00'),(109,148,'MSD16701','2020-06-01','08:03:41','07:36:55','00:26:40',77.18,'00:00:00',135,135,0.00,'00:02:37','00:00:00','00:00:00','00:00:00',0,'00:00:00',0,0,0.00,'00:00:00'),(110,116,'MSD16629','2020-06-01','08:27:14','07:39:42','00:47:27',77.88,'00:00:00',122,122,0.00,'00:02:56','00:00:00','00:00:00','00:00:00',0,'00:00:00',0,0,0.00,'00:00:00'),(111,222,'MSD16538','2020-06-01','00:00:00','00:00:00','00:00:00',0.00,'00:00:00',0,0,0.00,'00:00:00','00:00:00','00:00:00','00:00:00',0,'00:00:00',0,0,0.00,'00:00:00'),(112,193,'MSD16522','2020-06-01','08:10:35','07:34:01','00:36:30',69.33,'00:00:00',112,111,0.89,'00:02:50','00:01:09','00:01:02','00:00:07',0,'00:00:00',0,0,0.00,'00:00:00'),(113,144,'MSD16882','2020-06-01','03:04:41','02:38:53','00:25:48',65.09,'00:00:00',37,37,0.00,'00:02:47','05:30:26','04:59:30','00:30:55',46,'00:00:00',240,140,58.33,'00:00:59'),(114,288,'MSD19538','2020-06-01','08:11:49','07:38:52','00:32:55',67.52,'00:00:00',160,160,0.00,'00:01:56','00:00:00','00:00:00','00:00:00',0,'00:00:00',0,0,0.00,'00:00:00'),(115,204,'MSD15886','2020-06-01','03:38:39','03:36:05','00:02:33',75.81,'00:00:00',46,46,0.00,'00:03:34','04:37:55','04:06:45','00:31:09',46,'00:00:00',92,57,61.96,'00:01:58'),(116,388,'MSD20492','2020-06-01','08:16:51','07:42:37','00:34:11',64.33,'00:00:00',146,145,0.68,'00:02:03','00:00:00','00:00:00','00:00:00',0,'00:00:00',0,0,0.00,'00:00:00'),(117,219,'MSD17757','2020-06-01','00:00:00','00:00:00','00:00:00',0.00,'00:00:00',0,0,0.00,'00:00:00','00:00:00','00:00:00','00:00:00',0,'00:00:00',0,0,0.00,'00:00:00'),(118,161,'MSD16980','2020-06-01','08:25:10','08:08:38','00:16:31',37.86,'00:00:00',94,93,1.06,'00:01:59','00:00:00','00:00:00','00:00:00',0,'00:00:00',0,0,0.00,'00:00:00'),(119,258,'MSD18974','2020-06-01','03:13:54','02:42:58','00:30:56',65.64,'00:00:00',34,34,0.00,'00:03:09','05:00:50','04:56:24','00:04:25',29,'00:00:00',163,96,58.90,'00:00:54'),(120,377,'MSD20463','2020-06-01','08:54:11','07:54:57','00:59:11',29.86,'00:00:00',127,123,3.15,'00:01:09','00:00:00','00:00:00','00:00:00',0,'00:00:00',0,0,0.00,'00:00:00'),(121,366,'MSD20264','2020-06-01','00:00:00','00:00:00','00:00:00',0.00,'00:00:00',0,0,0.00,'00:00:00','00:00:00','00:00:00','00:00:00',0,'00:00:00',0,0,0.00,'00:00:00'),(122,78,'MSD17159','2020-06-01','07:13:57','06:52:28','00:21:28',22.12,'00:00:00',32,32,0.00,'00:02:51','00:50:39','00:50:33','00:00:05',12,'00:00:00',14,5,35.71,'00:01:11'),(123,293,'MSD19557','2020-06-01','00:00:00','00:00:00','00:00:00',0.00,'00:00:00',0,0,0.00,'00:00:00','00:00:00','00:00:00','00:00:00',0,'00:00:00',0,0,0.00,'00:00:00'),(124,341,'MSD19957','2020-06-01','08:11:09','07:41:25','00:29:40',58.86,'00:00:00',158,157,0.63,'00:01:44','00:00:00','00:00:00','00:00:00',0,'00:00:00',0,0,0.00,'00:00:00'),(125,206,'MSD15814','2020-06-01','00:00:00','00:00:00','00:00:00',0.00,'00:00:00',0,0,0.00,'00:00:00','00:00:00','00:00:00','00:00:00',0,'00:00:00',0,0,0.00,'00:00:00'),(126,189,'MSD15880','2020-06-01','00:00:00','00:00:00','00:00:00',0.00,'00:00:00',0,0,0.00,'00:00:00','08:15:21','07:38:31','00:36:46',6,'00:00:00',73,28,38.36,'00:01:01'),(127,207,'MSD16788','2020-06-01','08:45:34','07:39:19','01:06:12',20.07,'00:00:00',57,57,0.00,'00:01:37','00:00:00','00:00:00','00:00:00',0,'00:00:00',0,0,0.00,'00:00:00'),(128,77,'MSD17068','2020-06-01','08:29:36','08:06:57','00:22:38',61.63,'00:01:50',83,83,0.00,'00:03:38','00:00:00','00:00:00','00:00:00',0,'00:00:00',0,0,0.00,'00:00:00'),(129,37,'MSD16571','2020-06-01','01:32:47','01:32:47','00:00:00',56.76,'00:00:00',20,20,0.00,'00:02:38','07:10:15','06:08:17','01:01:56',13,'00:00:00',92,41,44.57,'00:01:11'),(130,120,'MSD16627','2020-06-01','02:48:27','02:47:27','00:01:00',70.23,'00:03:01',39,39,0.00,'00:03:05','05:44:53','04:54:10','00:50:39',25,'00:00:00',99,53,53.54,'00:01:21'),(131,194,'MSD15893','2020-06-01','00:22:17','00:22:17','00:00:00',76.22,'00:00:35',3,3,0.00,'00:05:51','09:21:42','08:31:59','00:49:40',14,'00:00:00',168,65,38.69,'00:01:07'),(132,119,'MSD16634','2020-06-01','08:32:16','08:03:20','00:28:55',20.54,'00:00:00',56,56,0.00,'00:01:46','00:00:00','00:00:00','00:00:00',0,'00:00:00',0,0,0.00,'00:00:00'),(133,121,'MSD16792','2020-06-01','02:33:37','02:13:12','00:20:22',69.39,'00:01:00',32,32,0.00,'00:02:55','05:59:53','05:22:36','00:37:15',15,'00:00:00',100,54,54.00,'00:00:52'),(134,346,'MSD19969','2020-06-01','07:11:34','06:29:09','00:42:21',65.58,'00:01:01',89,88,1.12,'00:02:55','01:22:55','01:05:34','00:17:20',26,'00:00:00',20,13,65.00,'00:01:19'),(135,198,'MSD15891','2020-06-01','08:14:51','07:51:20','00:23:29',12.86,'00:00:00',86,85,1.16,'00:00:43','00:00:00','00:00:00','00:00:00',0,'00:00:00',0,0,0.00,'00:00:00'),(136,355,'MSD20260','2020-06-01','00:00:00','00:00:00','00:00:00',0.00,'00:00:00',0,0,0.00,'00:00:00','00:00:00','00:00:00','00:00:00',0,'00:00:00',0,0,0.00,'00:00:00'),(137,380,'MSD20482','2020-06-01','08:08:25','07:33:46','00:34:34',71.89,'00:00:00',88,88,0.00,'00:03:42','00:00:00','00:00:00','00:00:00',0,'00:00:00',0,0,0.00,'00:00:00'),(138,135,'MSD18714','2020-06-01','08:33:31','07:46:35','00:46:54',19.09,'00:00:00',52,51,1.92,'00:01:45','00:00:00','00:00:00','00:00:00',0,'00:00:00',0,0,0.00,'00:00:00'),(139,376,'MSD20462','2020-06-01','08:06:23','07:35:05','00:31:13',62.22,'00:00:00',155,150,3.23,'00:01:53','00:00:00','00:00:00','00:00:00',0,'00:00:00',0,0,0.00,'00:00:00'),(140,166,'MSD16691','2020-06-01','08:11:13','07:48:39','00:22:33',59.36,'00:00:00',142,137,3.52,'00:02:02','00:00:00','00:00:00','00:00:00',0,'00:00:00',0,0,0.00,'00:00:00'),(141,247,'MSD17070','2020-06-01','08:11:56','07:36:45','00:35:07',74.90,'00:02:03',111,111,0.00,'00:03:06','00:00:00','00:00:00','00:00:00',0,'00:00:00',0,0,0.00,'00:00:00'),(142,186,'MSD17589','2020-06-01','08:39:58','07:53:46','00:46:08',53.24,'00:00:00',198,197,0.51,'00:01:17','00:00:00','00:00:00','00:00:00',0,'00:00:00',0,0,0.00,'00:00:00'),(143,350,'MSD20230','2020-06-01','07:39:33','07:08:37','00:30:51',83.51,'00:00:00',89,89,0.00,'00:04:01','01:09:09','00:33:35','00:35:32',5,'00:00:00',8,1,12.50,'00:01:43'),(144,173,'MSD16689','2020-06-01','00:12:33','00:12:33','00:00:00',89.91,'00:00:00',5,5,0.00,'00:02:15','08:08:45','07:25:36','00:43:05',19,'00:00:00',98,48,48.98,'00:01:47'),(145,175,'MSD16719','2020-06-01','08:13:19','07:36:44','00:36:30',75.38,'00:02:27',114,114,0.00,'00:03:02','00:00:00','00:00:00','00:00:00',0,'00:00:00',0,0,0.00,'00:00:00'),(146,180,'MSD17328','2020-06-01','00:00:00','00:00:00','00:00:00',0.00,'00:00:00',0,0,0.00,'00:00:00','00:00:00','00:00:00','00:00:00',0,'00:00:00',0,0,0.00,'00:00:00'),(147,295,'MSD19732','2020-06-01','04:57:03','04:37:17','00:19:44',82.64,'00:00:00',70,68,2.86,'00:03:22','03:22:57','03:22:44','00:00:12',37,'00:00:00',181,115,63.54,'00:00:39'),(148,178,'MSD17326','2020-06-01','00:00:00','00:00:00','00:00:00',0.00,'00:00:00',0,0,0.00,'00:00:00','00:00:00','00:00:00','00:00:00',0,'00:00:00',0,0,0.00,'00:00:00'),(149,182,'MSD17331','2020-06-01','04:26:09','04:07:19','00:18:48',84.47,'00:00:00',55,55,0.00,'00:03:48','03:53:56','03:38:22','00:15:33',29,'00:00:00',121,53,43.80,'00:01:13'),(150,185,'MSD17566','2020-06-01','06:12:25','06:04:55','00:07:27',67.58,'00:01:06',95,95,0.00,'00:02:36','02:08:04','01:35:56','00:32:05',22,'00:00:00',51,22,43.14,'00:00:56'),(151,257,'MSD18967','2020-06-01','06:45:32','05:44:05','01:01:26',73.57,'00:00:00',78,78,0.00,'00:03:15','01:57:30','01:56:45','00:00:43',34,'00:00:00',73,39,53.42,'00:01:01'),(152,296,'MSD19739','2020-06-01','00:00:00','00:00:00','00:00:00',0.00,'00:00:00',0,0,0.00,'00:00:00','00:00:00','00:00:00','00:00:00',0,'00:00:00',0,0,0.00,'00:00:00'),(153,170,'MSD16446','2020-06-01','08:13:43','07:31:37','00:42:03',69.36,'00:00:00',125,125,0.00,'00:02:30','00:04:21','00:04:21','00:00:00',0,'00:00:00',0,0,0.00,'00:00:00'),(154,27,'MSD17769','2020-06-01','05:48:34','05:13:02','00:35:30',80.98,'00:00:00',84,80,4.76,'00:03:10','02:26:59','02:24:25','00:02:32',18,'00:00:00',64,27,42.19,'00:00:57'),(155,374,'MSD20460','2020-06-01','06:20:06','05:45:34','00:34:30',72.79,'00:00:00',82,82,0.00,'00:03:04','02:04:17','01:59:09','00:05:07',44,'00:00:00',66,37,56.06,'00:01:24'),(156,325,'MSD19725','2020-06-01','08:14:57','07:47:24','00:27:31',65.70,'00:00:00',110,109,0.91,'00:02:49','00:00:00','00:00:00','00:00:00',0,'00:00:00',0,0,0.00,'00:00:00'),(157,181,'MSD17330','2020-06-01','08:13:45','07:33:11','00:40:32',69.49,'00:00:00',122,122,0.00,'00:02:35','00:00:00','00:00:00','00:00:00',0,'00:00:00',0,0,0.00,'00:00:00'),(158,167,'MSD16894','2020-06-01','04:40:46','04:25:07','00:15:38',72.48,'00:00:00',100,100,0.00,'00:01:55','03:37:55','03:08:13','00:29:42',19,'00:00:00',72,39,54.17,'00:00:54'),(159,169,'MSD15875','2020-06-01','08:37:23','07:50:44','00:46:31',64.40,'00:00:00',93,93,0.00,'00:03:15','00:00:00','00:00:00','00:00:00',0,'00:00:00',0,0,0.00,'00:00:00'),(160,375,'MSD20461','2020-06-01','07:39:22','07:12:31','00:26:46',60.64,'00:00:00',107,107,0.00,'00:02:27','00:26:37','00:26:37','00:00:00',18,'00:00:00',8,5,62.50,'00:00:58'),(161,171,'MSD16562','2020-06-01','00:00:00','00:00:00','00:00:00',0.00,'00:00:00',0,0,0.00,'00:00:00','00:00:00','00:00:00','00:00:00',0,'00:00:00',0,0,0.00,'00:00:00'),(162,236,'MSD16861','2020-06-01','08:32:16','08:15:52','00:16:20',34.41,'00:00:00',66,66,0.00,'00:02:35','00:00:00','00:00:00','00:00:00',0,'00:00:00',0,0,0.00,'00:00:00'),(163,80,'MSD16858','2020-06-01','03:44:44','03:34:33','00:10:10',39.18,'00:00:00',34,34,0.00,'00:02:28','04:58:02','03:59:29','00:58:31',38,'00:00:00',232,133,57.33,'00:00:41'),(164,95,'MSD16785','2020-06-01','00:00:00','00:00:00','00:00:00',0.00,'00:00:00',0,0,0.00,'00:00:00','00:00:00','00:00:00','00:00:00',0,'00:00:00',0,0,0.00,'00:00:00'),(165,188,'MSD16862','2020-06-01','08:27:16','07:44:42','00:42:31',47.02,'00:00:00',83,83,0.00,'00:02:38','00:00:00','00:00:00','00:00:00',0,'00:00:00',0,0,0.00,'00:00:00'),(166,363,'MSD20261','2020-06-01','08:10:51','07:42:08','00:28:36',51.71,'00:00:00',149,149,0.00,'00:01:36','00:00:00','00:00:00','00:00:00',0,'00:00:00',0,0,0.00,'00:00:00'),(167,364,'MSD20262','2020-06-01','13:28:34','12:47:53','00:40:37',32.92,'00:00:00',257,248,3.50,'00:01:01','00:00:00','00:00:00','00:00:00',0,'00:00:00',0,0,0.00,'00:00:00'),(168,29,'MSD16564','2020-06-01','08:27:30','08:20:42','00:06:46',31.46,'00:00:00',149,148,0.67,'00:01:04','00:00:00','00:00:00','00:00:00',0,'00:00:00',0,0,0.00,'00:00:00'),(169,237,'MSD16630','2020-06-01','09:31:18','09:28:43','00:02:33',26.74,'00:00:00',161,159,1.24,'00:00:57','00:00:00','00:00:00','00:00:00',0,'00:00:00',0,0,0.00,'00:00:00'),(170,277,'MSD19526','2020-06-01','06:46:55','06:16:40','00:30:13',73.71,'00:00:00',78,78,0.00,'00:03:33','01:18:01','01:18:01','00:00:00',43,'00:00:00',40,27,67.50,'00:01:15'),(171,287,'MSD19537','2020-06-01','00:00:00','00:00:00','00:00:00',0.00,'00:00:00',0,0,0.00,'00:00:00','00:00:00','00:00:00','00:00:00',0,'00:00:00',0,0,0.00,'00:00:00'),(172,158,'MSD16533','2020-06-01','06:54:30','06:37:13','00:17:12',17.43,'00:00:00',34,33,2.94,'00:02:06','01:06:36','01:00:48','00:05:47',10,'00:00:00',30,4,13.33,'00:01:27'),(173,28,'MSD16974','2020-06-01','08:13:05','08:04:52','00:08:11',20.73,'00:01:18',56,55,1.79,'00:01:51','00:00:00','00:00:00','00:00:00',0,'00:00:00',0,0,0.00,'00:00:00'),(174,279,'MSD19529','2020-06-01','06:59:43','06:26:21','00:33:18',28.13,'00:00:00',33,33,0.00,'00:03:17','01:15:41','01:13:01','00:02:40',11,'00:00:00',18,7,38.89,'00:01:07'),(175,164,'MSD16708','2020-06-01','00:00:00','00:00:00','00:00:00',0.00,'00:00:00',0,0,0.00,'00:00:00','00:00:00','00:00:00','00:00:00',0,'00:00:00',0,0,0.00,'00:00:00'),(176,47,'MSD18700','2020-06-01','08:11:03','07:38:45','00:32:14',17.99,'00:00:00',45,44,2.22,'00:01:52','00:00:00','00:00:00','00:00:00',0,'00:00:00',0,0,0.00,'00:00:00'),(177,225,'MSD18701','2020-06-01','00:00:00','00:00:00','00:00:00',0.00,'00:00:00',0,0,0.00,'00:00:00','00:00:00','00:00:00','00:00:00',0,'00:00:00',0,0,0.00,'00:00:00'),(178,218,'MSD15876','2020-06-01','00:00:00','00:00:00','00:00:00',0.00,'00:00:00',0,0,0.00,'00:00:00','00:00:00','00:00:00','00:00:00',0,'00:00:00',0,0,0.00,'00:00:00'),(179,267,'MSD18984','2020-06-01','07:08:39','06:07:13','01:01:24',59.46,'00:00:00',73,71,2.74,'00:03:04','03:51:18','03:46:30','00:04:46',28,'00:00:00',127,75,59.06,'00:00:52'),(180,202,'MSD16560','2020-06-01','04:52:16','04:25:28','00:26:47',66.37,'00:00:00',67,67,0.00,'00:02:38','03:32:53','03:07:08','00:25:45',31,'00:00:00',118,70,59.32,'00:00:49'),(181,42,'MSD16781','2020-06-01','00:00:00','00:00:00','00:00:00',0.00,'00:00:00',0,0,0.00,'00:00:00','00:00:00','00:00:00','00:00:00',0,'00:00:00',0,0,0.00,'00:00:00'),(182,327,'MSD19944','2020-06-01','05:47:16','04:53:27','00:53:46',69.76,'00:00:00',54,54,0.00,'00:03:47','02:56:08','02:42:10','00:13:58',30,'00:00:00',105,58,55.24,'00:00:50'),(183,40,'MSD18702','2020-06-01','08:26:54','07:40:11','00:46:41',14.05,'00:00:00',49,49,0.00,'00:01:19','00:00:00','00:00:00','00:00:00',0,'00:00:00',0,0,0.00,'00:00:00'),(184,122,'MSD16864','2020-06-01','02:35:27','02:31:29','00:03:57',63.78,'00:00:00',31,31,0.00,'00:03:07','05:57:10','05:09:17','00:47:50',43,'00:00:00',249,140,56.22,'00:00:56'),(185,113,'MSD17336','2020-06-01','07:30:17','07:00:13','00:30:03',22.74,'00:00:00',36,36,0.00,'00:02:39','00:34:40','00:34:40','00:00:00',14,'00:00:00',20,4,20.00,'00:01:11'),(186,245,'MSD18963','2020-06-01','00:00:00','00:00:00','00:00:00',0.00,'00:00:00',0,0,0.00,'00:00:00','00:00:00','00:00:00','00:00:00',0,'00:00:00',0,0,0.00,'00:00:00'),(187,138,'MSD16615','2020-06-01','03:19:08','02:50:44','00:28:23',68.90,'00:00:00',42,41,2.38,'00:02:52','04:54:15','04:48:00','00:06:14',28,'00:00:00',169,97,57.40,'00:00:51'),(188,253,'MSD18980','2020-06-01','03:30:10','03:18:42','00:11:27',67.71,'00:00:00',36,36,0.00,'00:03:44','04:50:35','04:14:46','00:35:47',40,'00:00:00',164,108,65.85,'00:00:57'),(189,226,'MSD18717','2020-06-01','00:00:00','00:00:00','00:00:00',0.00,'00:00:00',0,0,0.00,'00:00:00','00:00:00','00:00:00','00:00:00',0,'00:00:00',0,0,0.00,'00:00:00'),(190,165,'MSD17344','2020-06-01','00:00:00','00:00:00','00:00:00',0.00,'00:00:00',0,0,0.00,'00:00:00','00:00:00','00:00:00','00:00:00',0,'00:00:00',0,0,0.00,'00:00:00'),(191,108,'MSD17435','2020-06-01','04:37:20','04:08:27','00:28:48',60.58,'00:00:48',51,51,0.00,'00:02:58','03:37:55','03:30:49','00:07:05',44,'00:00:00',199,110,55.28,'00:00:50'),(192,249,'MSD18978','2020-06-01','03:38:30','03:19:57','00:18:32',53.36,'00:00:00',38,38,0.00,'00:02:48','04:54:28','04:21:25','00:33:02',26,'00:00:00',112,68,60.71,'00:01:01'),(193,229,'MSD16557','2020-06-01','08:30:20','07:55:10','00:35:06',56.41,'00:00:14',102,99,2.94,'00:02:42','00:00:00','00:00:00','00:00:00',0,'00:00:00',0,0,0.00,'00:00:00'),(194,223,'MSD16786','2020-06-01','08:28:13','07:46:27','00:41:42',22.46,'00:00:00',57,57,0.00,'00:01:50','00:00:00','00:00:00','00:00:00',0,'00:00:00',0,0,0.00,'00:00:00'),(195,146,'MSD16761','2020-06-01','08:33:01','07:38:33','00:54:26',40.22,'00:00:00',140,140,0.00,'00:01:19','00:00:00','00:00:00','00:00:00',0,'00:00:00',0,0,0.00,'00:00:00'),(196,128,'MSD17583','2020-06-01','09:02:59','07:45:36','01:17:17',35.83,'00:00:00',83,78,6.02,'00:02:08','00:00:00','00:00:00','00:00:00',0,'00:00:00',0,0,0.00,'00:00:00'),(197,200,'MSD16898','2020-06-01','00:00:00','00:00:00','00:00:00',0.00,'00:00:00',0,0,0.00,'00:00:00','00:00:00','00:00:00','00:00:00',0,'00:00:00',0,0,0.00,'00:00:00'),(198,209,'MSD17580','2020-06-01','08:43:32','07:32:36','01:10:49',30.73,'00:00:00',80,76,5.00,'00:01:50','00:00:00','00:00:00','00:00:00',0,'00:00:00',0,0,0.00,'00:00:00'),(199,393,'MSD20724','2020-06-01','00:00:00','00:00:00','00:00:00',0.00,'00:00:00',0,0,0.00,'00:00:00','12:42:01','07:42:33','04:59:26',16,'00:00:00',51,24,47.06,'00:03:00'),(200,394,'MSD20725','2020-06-01','05:34:47','04:57:12','00:37:32',65.05,'00:00:00',69,68,1.45,'00:02:50','03:01:24','02:38:54','00:22:30',23,'00:00:00',72,42,58.33,'00:00:52'),(201,395,'MSD20726','2020-06-01','08:58:29','07:52:12','01:06:10',35.87,'00:00:00',67,67,0.00,'00:02:31','00:00:00','00:00:00','00:00:00',0,'00:00:00',0,0,0.00,'00:00:00'),(202,392,'MSD20723','2020-06-01','08:47:31','07:42:07','01:05:19',77.60,'00:00:00',145,145,0.00,'00:02:28','00:00:00','00:00:00','00:00:00',0,'00:00:00',0,0,0.00,'00:00:00'),(203,396,'MSD20727','2020-06-01','04:38:42','04:07:45','00:30:56',73.54,'00:00:00',49,49,0.00,'00:03:43','03:40:15','03:40:07','00:00:08',46,'00:00:00',87,53,60.92,'00:01:54'),(204,397,'MSD20728','2020-06-01','08:01:01','07:40:56','00:20:00',68.64,'00:00:00',103,102,0.97,'00:03:06','00:00:00','00:00:00','00:00:00',0,'00:00:00',0,0,0.00,'00:00:00'),(205,261,'MSD18976','2020-06-01','08:36:29','08:21:08','00:15:17',37.20,'00:00:00',149,148,0.67,'00:01:15','00:00:00','00:00:00','00:00:00',0,'00:00:00',0,0,0.00,'00:00:00'),(206,84,'MSD17156','2020-06-01','09:47:43','07:41:10','02:06:32',67.72,'00:01:13',110,110,0.00,'00:02:51','00:00:00','00:00:00','00:00:00',0,'00:00:00',0,0,0.00,'00:00:00'),(207,101,'MSD17335','2020-06-01','09:06:20','07:46:09','01:20:08',45.06,'00:00:00',104,104,0.00,'00:02:01','00:00:00','00:00:00','00:00:00',0,'00:00:00',0,0,0.00,'00:00:00'),(208,378,'MSD20464','2020-06-01','08:03:16','07:43:40','00:19:34',23.19,'00:00:00',68,67,1.47,'00:01:36','00:00:00','00:00:00','00:00:00',0,'00:00:00',0,0,0.00,'00:00:00'),(209,233,'MSD18713','2020-06-01','08:07:45','07:40:14','00:27:28',16.31,'00:00:00',51,50,1.96,'00:01:30','00:00:00','00:00:00','00:00:00',0,'00:00:00',0,0,0.00,'00:00:00'),(210,179,'MSD17327','2020-06-01','03:35:24','03:01:46','00:33:36',78.39,'00:00:00',49,49,0.00,'00:02:54','04:49:54','04:42:59','00:06:53',27,'00:00:00',206,101,49.03,'00:00:45'),(211,398,'MSD20769','2020-06-01','08:12:22','07:44:40','00:27:39',70.49,'00:00:00',127,127,0.00,'00:02:35','00:00:00','00:00:00','00:00:00',0,'00:00:00',0,0,0.00,'00:00:00'),(212,399,'MSD20770','2020-06-01','08:06:00','07:39:15','00:26:41',75.76,'00:00:00',77,77,0.00,'00:04:31','00:00:00','00:00:00','00:00:00',0,'00:00:00',0,0,0.00,'00:00:00'),(213,400,'MSD20771','2020-06-01','08:03:27','07:31:16','00:32:07',72.95,'00:00:00',97,97,0.00,'00:03:24','00:00:00','00:00:00','00:00:00',0,'00:00:00',0,0,0.00,'00:00:00'),(214,401,'MSD20772','2020-06-01','03:06:40','02:46:36','00:20:02',74.26,'00:00:00',40,40,0.00,'00:03:05','05:15:29','04:47:25','00:28:02',31,'00:00:00',150,85,56.67,'00:01:03'),(215,402,'MSD20773','2020-06-01','08:04:24','07:41:47','00:22:34',77.05,'00:00:00',83,83,0.00,'00:04:17','00:00:00','00:00:00','00:00:00',0,'00:00:00',0,0,0.00,'00:00:00'),(216,403,'MSD20774','2020-06-01','04:34:35','04:06:46','00:27:46',76.60,'00:00:00',55,55,0.00,'00:03:26','00:05:07','00:04:41','00:00:24',0,'00:00:00',0,0,0.00,'00:00:00'),(217,268,'MSD18977','2020-06-01','08:20:47','07:57:28','00:23:14',30.04,'00:00:00',84,81,3.57,'00:01:46','00:00:00','00:00:00','00:00:00',0,'00:00:00',0,0,0.00,'00:00:00'),(218,274,'MSD18957','2020-06-01','08:32:25','07:36:43','00:55:36',68.44,'00:03:08',96,96,0.00,'00:03:17','00:00:00','00:00:00','00:00:00',0,'00:00:00',0,0,0.00,'00:00:00'),(219,190,'MSD16534','2020-06-01','08:17:07','07:37:01','00:40:04',67.67,'00:00:00',102,102,0.00,'00:03:02','00:00:00','00:00:00','00:00:00',0,'00:00:00',0,0,0.00,'00:00:00'),(220,335,'MSD19959','2020-06-01','08:20:34','07:45:11','00:35:19',68.18,'00:00:00',101,101,0.00,'00:03:08','00:00:00','00:00:00','00:00:00',0,'00:00:00',0,0,0.00,'00:00:00'),(221,342,'MSD19958','2020-06-01','08:32:24','07:55:33','00:36:49',74.72,'00:00:00',92,92,0.00,'00:03:52','00:00:00','00:00:00','00:00:00',0,'00:00:00',0,0,0.00,'00:00:00'),(222,319,'MSD19744','2020-06-01','05:15:57','04:11:09','01:04:43',82.77,'00:00:00',49,49,0.00,'00:04:14','00:00:00','00:00:00','00:00:00',0,'00:00:00',0,0,0.00,'00:00:00'),(223,390,'MSD20495','2020-06-01','04:41:43','04:24:10','00:17:30',85.53,'00:00:00',50,50,0.00,'00:04:31','00:00:00','00:00:00','00:00:00',0,'00:00:00',0,0,0.00,'00:00:00'),(224,2,'MSD17004','2020-06-02','00:22:23','00:22:10','00:00:12',86.84,'00:00:00',5,5,0.00,'00:03:51','08:08:31','07:19:46','00:48:42',16,'00:00:00',50,19,38.00,'00:03:47'),(225,3,'MSD17077','2020-06-02','08:25:39','07:34:59','00:50:39',50.23,'00:00:00',204,203,0.49,'00:01:07','00:00:00','00:00:00','00:00:00',0,'00:00:00',0,0,0.00,'00:00:00'),(226,5,'MSD16874','2020-06-02','00:00:00','00:00:00','00:00:00',0.00,'00:00:00',0,0,0.00,'00:00:00','00:00:00','00:00:00','00:00:00',0,'00:00:00',0,0,0.00,'00:00:00'),(227,6,'MSD17140','2020-06-02','05:04:27','04:59:56','00:04:30',62.79,'00:00:00',81,81,0.00,'00:02:19','03:16:07','02:42:08','00:33:56',25,'00:00:00',82,24,29.27,'00:01:43'),(228,7,'MSD17142','2020-06-02','08:04:26','07:46:25','00:17:54',55.43,'00:00:00',174,174,0.00,'00:01:29','00:00:00','00:00:00','00:00:00',0,'00:00:00',0,0,0.00,'00:00:00'),(229,8,'MSD17006','2020-06-02','07:38:50','07:29:13','00:09:33',72.16,'00:00:00',126,126,0.00,'00:02:34','00:43:19','00:10:51','00:32:28',23,'00:00:00',3,2,66.67,'00:01:14'),(230,10,'MSD17138','2020-06-02','00:00:00','00:00:00','00:00:00',0.00,'00:00:00',0,0,0.00,'00:00:00','00:00:00','00:00:00','00:00:00',0,'00:00:00',0,0,0.00,'00:00:00'),(231,11,'MSD17072','2020-06-02','05:03:56','04:43:45','00:20:08',64.35,'00:00:00',70,69,1.43,'00:02:39','03:13:00','02:52:53','00:20:04',24,'00:00:00',77,35,45.45,'00:01:10'),(232,12,'MSD17011','2020-06-02','02:01:12','02:01:05','00:00:07',75.80,'00:00:00',35,35,0.00,'00:02:37','06:17:52','05:43:21','00:34:28',23,'00:00:00',166,78,46.99,'00:01:01'),(233,13,'MSD16528','2020-06-02','00:00:00','00:00:00','00:00:00',0.00,'00:00:00',0,0,0.00,'00:00:00','00:00:00','00:00:00','00:00:00',0,'00:00:00',0,0,0.00,'00:00:00'),(234,16,'MSD17069','2020-06-02','08:18:07','07:23:49','00:54:13',71.95,'00:00:00',96,96,0.00,'00:03:19','00:22:43','00:22:43','00:00:00',35,'00:00:00',10,4,40.00,'00:01:59'),(235,18,'MSD16448','2020-06-02','08:03:19','07:34:38','00:28:38',62.65,'00:00:00',110,109,0.91,'00:02:37','00:00:00','00:00:00','00:00:00',0,'00:00:00',0,0,0.00,'00:00:00'),(236,19,'MSD16553','2020-06-02','06:04:30','06:00:25','00:04:04',74.72,'00:01:14',94,94,0.00,'00:02:53','02:06:17','01:35:14','00:31:03',35,'00:00:00',85,40,47.06,'00:00:50'),(237,294,'MSD19519','2020-06-02','08:26:40','07:39:06','00:47:32',59.58,'00:00:00',163,163,0.00,'00:01:41','00:00:00','00:00:00','00:00:00',0,'00:00:00',0,0,0.00,'00:00:00'),(238,22,'MSD16552','2020-06-02','06:12:38','05:40:38','00:31:57',78.58,'00:00:00',90,90,0.00,'00:02:58','01:59:46','01:59:30','00:00:16',23,'00:00:00',52,28,53.85,'00:01:00'),(239,23,'MSD17056','2020-06-02','08:08:03','07:31:46','00:36:15',54.37,'00:06:25',168,167,0.60,'00:01:30','00:00:11','00:00:11','00:00:00',0,'00:00:00',0,0,0.00,'00:00:00'),(240,24,'MSD17570','2020-06-02','05:32:58','05:03:39','00:29:17',64.25,'00:00:00',77,77,0.00,'00:02:32','02:47:04','02:41:05','00:05:57',30,'00:00:00',111,50,45.05,'00:00:58'),(241,271,'MSD18960','2020-06-02','07:10:54','06:36:58','00:33:52',73.64,'00:00:00',102,102,0.00,'00:02:52','01:10:34','01:10:34','00:00:00',18,'00:00:00',25,11,44.00,'00:01:10'),(242,272,'MSD18962','2020-06-02','04:35:42','04:35:34','00:00:07',79.58,'00:00:00',64,64,0.00,'00:03:25','03:40:21','03:02:42','00:37:38',26,'00:00:00',84,41,48.81,'00:01:09'),(243,299,'MSD19733','2020-06-02','08:03:29','07:34:33','00:28:54',74.51,'00:01:33',111,110,0.90,'00:03:05','00:01:46','00:01:46','00:00:00',0,'00:00:00',0,0,0.00,'00:00:00'),(244,298,'MSD19726','2020-06-02','04:59:13','04:57:19','00:01:53',67.17,'00:00:00',63,61,3.17,'00:03:16','03:21:13','02:43:30','00:37:40',29,'00:00:00',71,43,60.56,'00:01:07'),(245,31,'MSD16993','2020-06-02','09:03:56','08:34:26','00:29:24',27.85,'00:00:00',128,117,8.59,'00:01:13','00:00:00','00:00:00','00:00:00',0,'00:00:00',0,0,0.00,'00:00:00'),(246,43,'MSD18707','2020-06-02','00:00:00','00:00:00','00:00:00',0.00,'00:00:00',0,0,0.00,'00:00:00','00:00:00','00:00:00','00:00:00',0,'00:00:00',0,0,0.00,'00:00:00'),(247,44,'MSD18709','2020-06-02','08:15:16','07:41:02','00:34:11',12.65,'00:00:00',55,55,0.00,'00:01:03','00:00:00','00:00:00','00:00:00',0,'00:00:00',0,0,0.00,'00:00:00'),(248,252,'MSD18983','2020-06-02','00:00:00','00:00:00','00:00:00',0.00,'00:00:00',0,0,0.00,'00:00:00','00:00:00','00:00:00','00:00:00',0,'00:00:00',0,0,0.00,'00:00:00'),(249,263,'MSD18994','2020-06-02','08:24:54','07:45:28','00:39:19',50.14,'00:00:00',142,137,3.52,'00:01:42','00:00:00','00:00:00','00:00:00',0,'00:00:00',0,0,0.00,'00:00:00'),(250,260,'MSD18969','2020-06-02','00:00:00','00:00:00','00:00:00',0.00,'00:00:00',0,0,0.00,'00:00:00','00:00:00','00:00:00','00:00:00',0,'00:00:00',0,0,0.00,'00:00:00'),(251,103,'MSD16779','2020-06-02','00:00:00','00:00:00','00:00:00',0.00,'00:00:00',0,0,0.00,'00:00:00','00:00:00','00:00:00','00:00:00',0,'00:00:00',0,0,0.00,'00:00:00'),(252,97,'MSD16612','2020-06-02','00:04:06','00:03:46','00:00:19',26.55,'00:00:00',1,1,0.00,'00:00:59','08:18:11','07:31:53','00:46:15',15,'00:00:00',136,41,30.15,'00:01:40'),(253,155,'MSD16704','2020-06-02','06:53:48','06:37:39','00:16:06',16.05,'00:00:00',42,42,0.00,'00:01:31','01:12:24','01:01:44','00:10:39',14,'00:00:00',19,8,42.11,'00:01:03'),(254,82,'MSD17594','2020-06-02','07:09:39','06:50:54','00:18:42',16.92,'00:00:00',47,47,0.00,'00:01:29','00:54:12','00:47:50','00:06:22',14,'00:00:00',13,5,38.46,'00:01:18'),(255,156,'MSD16994','2020-06-02','10:07:50','08:12:30','01:55:14',29.29,'00:00:00',157,154,1.91,'00:00:56','00:00:00','00:00:00','00:00:00',0,'00:00:00',0,0,0.00,'00:00:00'),(256,124,'MSD16880','2020-06-02','08:26:43','08:03:59','00:22:43',51.84,'00:00:00',213,208,2.35,'00:01:12','00:00:00','00:00:00','00:00:00',0,'00:00:00',0,0,0.00,'00:00:00'),(257,315,'MSD19720','2020-06-02','00:00:00','00:00:00','00:00:00',0.00,'00:00:00',0,0,0.00,'00:00:00','00:00:00','00:00:00','00:00:00',0,'00:00:00',0,0,0.00,'00:00:00'),(258,316,'MSD19750','2020-06-02','08:35:54','07:34:13','01:01:38',18.73,'00:00:00',55,55,0.00,'00:01:33','00:00:00','00:00:00','00:00:00',0,'00:00:00',0,0,0.00,'00:00:00'),(259,347,'MSD19974','2020-06-02','00:00:00','00:00:00','00:00:00',0.00,'00:00:00',0,0,0.00,'00:00:00','00:00:00','00:00:00','00:00:00',0,'00:00:00',0,0,0.00,'00:00:00'),(260,349,'MSD19955','2020-06-02','08:21:45','07:43:55','00:37:44',66.90,'00:01:16',96,96,0.00,'00:03:15','00:00:00','00:00:00','00:00:00',0,'00:00:00',0,0,0.00,'00:00:00'),(261,360,'MSD20256','2020-06-02','00:00:00','00:00:00','00:00:00',0.00,'00:00:00',0,0,0.00,'00:00:00','00:00:00','00:00:00','00:00:00',0,'00:00:00',0,0,0.00,'00:00:00'),(262,361,'MSD20257','2020-06-02','00:00:00','00:00:00','00:00:00',0.00,'00:00:00',0,0,0.00,'00:00:00','00:00:00','00:00:00','00:00:00',0,'00:00:00',0,0,0.00,'00:00:00'),(263,387,'MSD20491','2020-06-02','10:18:57','09:08:21','01:10:31',34.04,'00:00:00',241,234,2.90,'00:00:48','00:00:00','00:00:00','00:00:00',0,'00:00:00',0,0,0.00,'00:00:00'),(264,259,'MSD18958','2020-06-02','00:00:00','00:00:00','00:00:00',0.00,'00:00:00',0,0,0.00,'00:00:00','00:00:00','00:00:00','00:00:00',0,'00:00:00',0,0,0.00,'00:00:00'),(265,302,'MSD19715','2020-06-02','09:09:40','07:52:16','01:17:21',50.11,'00:00:00',149,146,2.01,'00:01:37','00:00:00','00:00:00','00:00:00',0,'00:00:00',0,0,0.00,'00:00:00'),(266,301,'MSD19716','2020-06-02','08:40:42','07:59:19','00:41:19',36.35,'00:00:00',88,87,1.14,'00:02:00','00:00:00','00:00:00','00:00:00',0,'00:00:00',0,0,0.00,'00:00:00'),(267,136,'MSD16984','2020-06-02','04:48:18','04:33:34','00:14:44',70.50,'00:00:00',63,62,1.59,'00:03:07','03:28:12','03:02:22','00:25:49',31,'00:00:00',91,51,56.04,'00:01:06'),(268,329,'MSD19947','2020-06-02','02:37:24','02:37:24','00:00:00',44.36,'00:00:00',26,26,0.00,'00:02:41','05:38:45','05:05:14','00:33:30',26,'00:00:00',132,59,44.70,'00:01:19'),(269,330,'MSD19948','2020-06-02','00:00:00','00:00:00','00:00:00',0.00,'00:00:00',0,0,0.00,'00:00:00','00:00:00','00:00:00','00:00:00',0,'00:00:00',0,0,0.00,'00:00:00'),(270,331,'MSD19951','2020-06-02','00:00:00','00:00:00','00:00:00',0.00,'00:00:00',0,0,0.00,'00:00:00','00:00:00','00:00:00','00:00:00',0,'00:00:00',0,0,0.00,'00:00:00'),(271,334,'MSD19954','2020-06-02','08:10:41','08:10:41','00:00:00',19.04,'00:00:00',109,106,2.75,'00:00:53','00:00:00','00:00:00','00:00:00',0,'00:00:00',0,0,0.00,'00:00:00'),(272,340,'MSD19956','2020-06-02','04:26:00','04:26:00','00:00:00',62.01,'00:01:05',51,51,0.00,'00:03:15','03:58:20','03:23:30','00:34:48',17,'00:00:00',48,28,58.33,'00:01:15'),(273,345,'MSD19968','2020-06-02','08:33:51','07:45:37','00:48:08',66.62,'00:00:00',105,105,0.00,'00:02:57','00:00:00','00:00:00','00:00:00',0,'00:00:00',0,0,0.00,'00:00:00'),(274,99,'MSD16633','2020-06-02','08:11:13','07:54:06','00:17:04',45.75,'00:01:03',110,110,0.00,'00:01:59','00:00:00','00:00:00','00:00:00',0,'00:00:00',0,0,0.00,'00:00:00'),(275,356,'MSD20249','2020-06-02','08:08:31','07:39:27','00:29:00',65.15,'00:00:00',110,110,0.00,'00:02:43','00:00:00','00:00:00','00:00:00',0,'00:00:00',0,0,0.00,'00:00:00'),(276,371,'MSD20457','2020-06-02','06:38:41','05:58:33','00:40:06',70.90,'00:00:00',117,117,0.00,'00:02:10','01:37:31','01:37:19','00:00:11',28,'00:00:00',62,36,58.06,'00:00:46'),(277,358,'MSD20251','2020-06-02','06:40:34','06:22:11','00:18:21',16.42,'00:00:00',36,36,0.00,'00:01:44','01:24:38','01:16:08','00:08:29',17,'00:00:00',40,13,32.50,'00:01:00'),(278,199,'MSD16569','2020-06-02','08:14:06','07:42:30','00:31:30',58.58,'00:00:00',143,143,0.00,'00:01:54','00:00:00','00:00:00','00:00:00',0,'00:00:00',0,0,0.00,'00:00:00'),(279,372,'MSD20458','2020-06-02','08:52:22','07:54:45','00:57:36',49.40,'00:00:00',159,159,0.00,'00:01:28','00:00:00','00:00:00','00:00:00',0,'00:00:00',0,0,0.00,'00:00:00'),(280,32,'MSD17073','2020-06-02','08:17:12','07:45:45','00:31:19',59.08,'00:00:00',177,177,0.00,'00:01:33','00:00:00','00:00:00','00:00:00',0,'00:00:00',0,0,0.00,'00:00:00'),(281,65,'MSD17739','2020-06-02','03:27:57','03:27:51','00:00:05',76.83,'00:00:00',44,44,0.00,'00:03:38','04:49:25','04:19:19','00:30:05',38,'00:00:00',152,88,57.89,'00:01:07'),(282,389,'MSD20498','2020-06-02','08:18:59','07:43:57','00:34:58',68.75,'00:00:00',119,119,0.00,'00:02:41','00:00:00','00:00:00','00:00:00',0,'00:00:00',0,0,0.00,'00:00:00'),(283,238,'MSD18970','2020-06-02','00:00:00','00:00:00','00:00:00',0.00,'00:00:00',0,0,0.00,'00:00:00','00:00:00','00:00:00','00:00:00',0,'00:00:00',0,0,0.00,'00:00:00'),(284,68,'MSD16897','2020-06-02','07:31:02','07:02:28','00:28:31',75.75,'00:00:00',99,98,1.01,'00:03:16','00:50:53','00:47:56','00:02:57',18,'00:00:00',13,6,46.15,'00:01:25'),(285,62,'MSD16986','2020-06-02','07:30:12','07:24:38','00:05:31',73.09,'00:00:57',117,117,0.00,'00:02:47','00:50:46','00:12:32','00:38:12',1,'00:00:00',1,0,0.00,'00:00:00'),(286,75,'MSD17740','2020-06-02','04:10:40','04:07:54','00:02:45',78.96,'00:00:00',56,56,0.00,'00:03:30','04:09:12','03:38:43','00:30:28',32,'00:00:00',115,52,45.22,'00:01:20'),(287,55,'MSD16561','2020-06-02','08:12:24','07:37:46','00:34:36',70.55,'00:00:00',98,98,0.00,'00:03:18','00:00:00','00:00:00','00:00:00',0,'00:00:00',0,0,0.00,'00:00:00'),(288,71,'MSD16998','2020-06-02','08:08:59','07:40:35','00:28:20',63.11,'00:00:00',176,171,2.84,'00:01:42','00:00:00','00:00:00','00:00:00',0,'00:00:00',0,0,0.00,'00:00:00'),(289,297,'MSD19734','2020-06-02','01:13:46','01:13:33','00:00:12',62.63,'00:00:00',17,17,0.00,'00:02:42','07:10:52','06:23:13','00:47:34',14,'00:00:00',121,74,61.16,'00:00:45'),(290,64,'MSD17143','2020-06-02','04:10:35','04:10:21','00:00:13',74.01,'00:00:00',58,58,0.00,'00:03:12','03:58:01','03:25:39','00:32:21',29,'00:00:00',103,50,48.54,'00:01:11'),(291,239,'MSD18985','2020-06-02','03:44:55','03:41:17','00:03:36',73.29,'00:00:00',60,60,0.00,'00:02:42','04:23:45','04:03:49','00:19:56',24,'00:00:00',122,63,51.64,'00:00:55'),(292,57,'MSD16447','2020-06-02','05:27:24','05:27:17','00:00:07',60.79,'00:00:00',95,94,1.05,'00:02:07','02:52:49','02:07:13','00:45:34',26,'00:00:00',87,47,54.02,'00:00:43'),(293,67,'MSD16449','2020-06-02','08:54:54','07:33:47','01:21:02',55.15,'00:00:00',195,190,2.56,'00:01:19','00:00:00','00:00:00','00:00:00',0,'00:00:00',0,0,0.00,'00:00:00'),(294,73,'MSD16888','2020-06-02','00:00:00','00:00:00','00:00:00',0.00,'00:00:00',0,0,0.00,'00:00:00','00:00:00','00:00:00','00:00:00',0,'00:00:00',0,0,0.00,'00:00:00'),(295,72,'MSD17000','2020-06-02','08:31:12','07:46:20','00:44:51',56.25,'00:00:00',171,169,1.17,'00:01:33','00:00:00','00:00:00','00:00:00',0,'00:00:00',0,0,0.00,'00:00:00'),(296,58,'MSD15897','2020-06-02','02:14:50','02:14:36','00:00:13',78.60,'00:00:00',29,29,0.00,'00:03:39','06:06:47','05:35:14','00:31:31',29,'00:00:00',172,92,53.49,'00:01:04'),(297,240,'MSD18999','2020-06-02','06:44:54','06:37:40','00:07:12',68.68,'00:00:00',104,104,0.00,'00:02:37','01:30:15','01:03:11','00:27:03',43,'00:00:00',27,22,81.48,'00:01:15'),(298,69,'MSD17587','2020-06-02','08:27:09','08:03:36','00:23:29',54.31,'00:00:00',210,209,0.48,'00:01:15','00:00:00','00:00:00','00:00:00',0,'00:00:00',0,0,0.00,'00:00:00'),(299,54,'MSD16525','2020-06-02','06:38:28','05:58:24','00:40:01',65.72,'00:00:00',98,98,0.00,'00:02:24','01:38:41','01:38:39','00:00:01',22,'00:00:00',55,27,49.09,'00:00:48'),(300,59,'MSD16526','2020-06-02','05:39:09','05:02:55','00:36:10',61.93,'00:00:00',84,84,0.00,'00:02:14','02:38:38','02:38:32','00:00:05',21,'00:00:00',79,32,40.51,'00:01:03'),(301,248,'MSD17001','2020-06-02','09:27:13','08:32:06','00:55:00',59.13,'00:00:00',136,131,3.68,'00:02:19','00:00:00','00:00:00','00:00:00',0,'00:00:00',0,0,0.00,'00:00:00'),(302,63,'MSD17442','2020-06-02','08:09:39','07:37:15','00:32:18',64.94,'00:00:00',114,114,0.00,'00:02:36','00:00:00','00:00:00','00:00:00',0,'00:00:00',0,0,0.00,'00:00:00'),(303,52,'MSD18695','2020-06-02','00:44:10','00:44:10','00:00:00',56.94,'00:00:00',9,9,0.00,'00:02:47','07:35:31','06:59:24','00:36:04',21,'00:00:00',220,91,41.36,'00:00:58'),(304,74,'MSD15813','2020-06-02','00:10:00','00:09:43','00:00:16',0.00,'00:00:00',0,0,0.00,'00:00:00','08:11:16','07:35:41','00:35:32',27,'00:00:00',335,171,51.04,'00:00:43'),(305,351,'MSD20229','2020-06-02','08:18:33','07:37:49','00:40:39',59.27,'00:00:00',187,185,1.07,'00:01:28','00:00:00','00:00:00','00:00:00',0,'00:00:00',0,0,0.00,'00:00:00'),(306,35,'MSD16549','2020-06-02','08:04:26','07:34:14','00:30:10',64.64,'00:00:00',176,174,1.14,'00:01:41','00:00:00','00:00:00','00:00:00',0,'00:00:00',0,0,0.00,'00:00:00'),(307,139,'MSD16548','2020-06-02','08:25:09','07:47:15','00:37:48',45.77,'00:00:00',124,121,2.42,'00:01:46','00:00:00','00:00:00','00:00:00',0,'00:00:00',0,0,0.00,'00:00:00'),(308,385,'MSD20489','2020-06-02','08:24:29','07:31:50','00:52:35',53.09,'00:00:00',138,132,4.35,'00:01:49','00:00:00','00:00:00','00:00:00',0,'00:00:00',0,0,0.00,'00:00:00'),(309,370,'MSD20455','2020-06-02','07:01:49','06:30:09','00:31:35',15.72,'00:00:00',43,43,0.00,'00:01:25','01:11:20','01:10:10','00:01:09',18,'00:00:00',34,16,47.06,'00:00:48'),(310,132,'MSD16975','2020-06-02','08:09:24','07:44:59','00:24:24',15.15,'00:00:00',63,62,1.59,'00:01:08','00:00:00','00:00:00','00:00:00',0,'00:00:00',0,0,0.00,'00:00:00'),(311,142,'MSD16973','2020-06-02','08:29:24','08:08:59','00:20:20',23.96,'00:00:00',116,111,4.31,'00:01:03','00:00:00','00:00:00','00:00:00',0,'00:00:00',0,0,0.00,'00:00:00'),(312,216,'MSD17755','2020-06-02','08:46:53','07:54:02','00:52:48',31.71,'00:00:00',95,94,1.05,'00:01:36','00:00:00','00:00:00','00:00:00',0,'00:00:00',0,0,0.00,'00:00:00'),(313,100,'MSD16770','2020-06-02','08:18:14','07:33:51','00:44:16',63.56,'00:00:00',170,167,1.76,'00:01:44','00:00:00','00:00:00','00:00:00',0,'00:00:00',0,0,0.00,'00:00:00'),(314,369,'MSD20454','2020-06-02','06:53:55','06:33:26','00:20:25',17.89,'00:00:00',39,38,2.56,'00:01:51','01:12:53','01:06:28','00:06:25',7,'00:00:00',22,5,22.73,'00:00:56'),(315,284,'MSD19549','2020-06-02','01:46:31','01:46:20','00:00:10',43.64,'00:00:00',17,17,0.00,'00:02:44','06:50:12','05:49:57','01:00:11',27,'00:00:00',223,131,58.74,'00:00:43'),(316,368,'MSD20453','2020-06-02','00:00:00','00:00:00','00:00:00',0.00,'00:00:00',0,0,0.00,'00:00:00','00:00:00','00:00:00','00:00:00',0,'00:00:00',0,0,0.00,'00:00:00'),(317,131,'MSD16442','2020-06-02','08:20:47','07:32:14','00:48:30',57.82,'00:01:13',137,137,0.00,'00:01:55','00:00:00','00:00:00','00:00:00',0,'00:00:00',0,0,0.00,'00:00:00'),(318,123,'MSD16623','2020-06-02','08:38:24','07:45:50','00:52:30',62.48,'00:00:14',103,100,2.91,'00:02:55','00:00:00','00:00:00','00:00:00',0,'00:00:00',0,0,0.00,'00:00:00'),(319,281,'MSD19533','2020-06-02','07:10:28','06:19:05','00:51:17',19.71,'00:00:00',40,40,0.00,'00:01:52','01:19:14','01:19:14','00:00:00',19,'00:00:00',34,17,50.00,'00:00:54'),(320,115,'MSD17446','2020-06-02','06:50:14','06:23:19','00:26:53',17.16,'00:00:00',35,35,0.00,'00:01:53','01:20:15','01:20:15','00:00:00',21,'00:00:00',65,26,40.00,'00:00:39'),(321,92,'MSD16793','2020-06-02','08:04:43','07:33:31','00:31:08',68.21,'00:03:27',148,145,2.03,'00:02:09','00:00:00','00:00:00','00:00:00',0,'00:00:00',0,0,0.00,'00:00:00'),(322,125,'MSD16568','2020-06-02','00:00:00','00:00:00','00:00:00',0.00,'00:00:00',0,0,0.00,'00:00:00','08:19:55','07:36:44','00:43:08',23,'00:00:00',305,162,53.11,'00:00:40'),(323,205,'MSD15885','2020-06-02','00:01:42','00:01:42','00:00:00',25.49,'00:00:00',1,1,0.00,'00:00:25','08:20:10','07:35:19','00:44:47',15,'00:00:00',119,61,51.26,'00:01:08'),(324,243,'MSD18956','2020-06-02','00:00:00','00:00:00','00:00:00',0.00,'00:00:00',0,0,0.00,'00:00:00','00:00:00','00:00:00','00:00:00',0,'00:00:00',0,0,0.00,'00:00:00'),(325,275,'MSD19516','2020-06-02','00:00:00','00:00:00','00:00:00',0.00,'00:00:00',0,0,0.00,'00:00:00','00:00:00','00:00:00','00:00:00',0,'00:00:00',0,0,0.00,'00:00:00'),(326,251,'MSD18987','2020-06-02','07:27:01','06:49:56','00:37:03',67.56,'00:00:00',88,88,0.00,'00:03:09','00:49:17','00:49:10','00:00:07',7,'00:00:00',10,5,50.00,'00:00:44'),(327,134,'MSD16618','2020-06-02','00:00:00','00:00:00','00:00:00',0.00,'00:00:00',0,0,0.00,'00:00:00','08:45:47','07:40:18','01:05:25',21,'00:00:00',120,59,49.17,'00:01:38'),(328,289,'MSD19540','2020-06-02','00:00:00','00:00:00','00:00:00',0.00,'00:00:00',0,0,0.00,'00:00:00','00:00:00','00:00:00','00:00:00',0,'00:00:00',0,0,0.00,'00:00:00'),(329,151,'MSD17764','2020-06-02','03:52:23','03:43:21','00:09:01',59.63,'00:02:30',47,47,0.00,'00:02:53','04:14:12','03:52:19','00:21:51',33,'00:00:00',117,69,58.97,'00:01:07'),(330,163,'MSD15881','2020-06-02','08:38:00','08:16:08','00:21:48',33.86,'00:00:00',118,117,0.85,'00:01:26','00:03:49','00:03:13','00:00:36',3,'00:00:00',1,0,0.00,'00:00:00'),(331,343,'MSD19960','2020-06-02','08:04:50','07:41:14','00:23:35',54.93,'00:00:00',158,157,0.63,'00:01:37','00:00:00','00:00:00','00:00:00',0,'00:00:00',0,0,0.00,'00:00:00'),(332,148,'MSD16701','2020-06-02','00:00:00','00:00:00','00:00:00',0.00,'00:00:00',0,0,0.00,'00:00:00','00:00:00','00:00:00','00:00:00',0,'00:00:00',0,0,0.00,'00:00:00'),(333,116,'MSD16629','2020-06-02','08:09:06','07:38:44','00:30:19',71.97,'00:00:09',124,124,0.00,'00:02:40','00:00:00','00:00:00','00:00:00',0,'00:00:00',0,0,0.00,'00:00:00'),(334,222,'MSD16538','2020-06-02','08:21:07','07:40:44','00:40:21',63.77,'00:00:00',173,170,1.73,'00:01:44','00:00:00','00:00:00','00:00:00',0,'00:00:00',0,0,0.00,'00:00:00'),(335,193,'MSD16522','2020-06-02','00:00:00','00:00:00','00:00:00',0.00,'00:00:00',0,0,0.00,'00:00:00','00:00:00','00:00:00','00:00:00',0,'00:00:00',0,0,0.00,'00:00:00'),(336,144,'MSD16882','2020-06-02','08:27:47','07:39:50','00:47:53',62.61,'00:02:47',108,108,0.00,'00:02:41','00:00:17','00:00:00','00:00:17',0,'00:00:00',0,0,0.00,'00:00:00'),(337,288,'MSD19538','2020-06-02','08:12:41','08:01:17','00:11:21',55.05,'00:00:00',218,216,0.92,'00:01:14','00:00:00','00:00:00','00:00:00',0,'00:00:00',0,0,0.00,'00:00:00'),(338,204,'MSD15886','2020-06-02','06:22:16','05:53:38','00:28:35',66.34,'00:01:00',79,79,0.00,'00:02:59','01:50:47','01:50:47','00:00:00',37,'00:00:00',55,29,52.73,'00:01:25'),(339,388,'MSD20492','2020-06-02','08:18:18','07:35:51','00:42:26',60.32,'00:00:00',132,127,3.79,'00:02:10','00:00:00','00:00:00','00:00:00',0,'00:00:00',0,0,0.00,'00:00:00'),(340,219,'MSD17757','2020-06-02','08:09:02','07:39:01','00:29:58',61.80,'00:01:01',119,119,0.00,'00:02:23','00:00:00','00:00:00','00:00:00',0,'00:00:00',0,0,0.00,'00:00:00'),(341,161,'MSD16980','2020-06-02','00:00:00','00:00:00','00:00:00',0.00,'00:00:00',0,0,0.00,'00:00:00','00:00:00','00:00:00','00:00:00',0,'00:00:00',0,0,0.00,'00:00:00'),(342,258,'MSD18974','2020-06-02','02:16:33','02:16:30','00:00:03',52.89,'00:00:00',28,28,0.00,'00:02:35','06:25:39','05:20:32','01:05:04',37,'00:00:00',125,83,66.40,'00:01:25'),(343,377,'MSD20463','2020-06-02','08:13:41','08:10:26','00:03:14',25.41,'00:00:00',136,135,0.74,'00:00:55','00:00:00','00:00:00','00:00:00',0,'00:00:00',0,0,0.00,'00:00:00'),(344,366,'MSD20264','2020-06-02','12:03:24','07:42:59','04:20:19',24.24,'00:00:00',132,83,37.12,'00:01:21','00:00:00','00:00:00','00:00:00',0,'00:00:00',0,0,0.00,'00:00:00'),(345,78,'MSD17159','2020-06-02','07:06:58','06:54:20','00:12:37',17.76,'00:00:00',38,38,0.00,'00:01:56','00:56:45','00:56:41','00:00:03',8,'00:00:00',28,4,14.29,'00:01:11'),(346,293,'MSD19557','2020-06-02','08:05:53','07:43:03','00:22:43',74.66,'00:00:00',81,81,0.00,'00:04:16','00:00:00','00:00:00','00:00:00',0,'00:00:00',0,0,0.00,'00:00:00'),(347,341,'MSD19957','2020-06-02','08:31:11','08:16:44','00:14:26',29.45,'00:00:00',143,140,2.10,'00:01:03','00:00:00','00:00:00','00:00:00',0,'00:00:00',0,0,0.00,'00:00:00'),(348,206,'MSD15814','2020-06-02','00:00:00','00:00:00','00:00:00',0.00,'00:00:00',0,0,0.00,'00:00:00','08:36:26','07:41:10','00:55:12',45,'00:00:00',376,222,59.04,'00:00:56'),(349,189,'MSD15880','2020-06-02','00:00:00','00:00:00','00:00:00',0.00,'00:00:00',0,0,0.00,'00:00:00','08:16:16','07:40:02','00:36:10',3,'00:00:00',67,17,25.37,'00:00:50'),(350,207,'MSD16788','2020-06-02','09:06:54','08:28:14','00:38:36',16.43,'00:00:00',59,54,8.47,'00:01:33','00:00:00','00:00:00','00:00:00',0,'00:00:00',0,0,0.00,'00:00:00'),(351,77,'MSD17068','2020-06-02','08:28:01','08:18:47','00:09:12',55.74,'00:01:18',98,97,1.02,'00:02:53','00:00:00','00:00:00','00:00:00',0,'00:00:00',0,0,0.00,'00:00:00'),(352,37,'MSD16571','2020-06-02','02:26:24','02:26:24','00:00:00',46.27,'00:00:00',24,24,0.00,'00:02:49','06:19:31','05:16:58','01:02:29',12,'00:00:00',54,28,51.85,'00:01:20'),(353,120,'MSD16627','2020-06-02','04:57:07','04:35:40','00:21:23',68.69,'00:00:00',91,91,0.00,'00:02:05','03:12:46','03:02:34','00:10:11',20,'00:00:00',62,34,54.84,'00:01:06'),(354,194,'MSD15893','2020-06-02','00:00:00','00:00:00','00:00:00',0.00,'00:00:00',0,0,0.00,'00:00:00','08:12:59','07:40:01','00:32:54',25,'00:00:00',371,188,50.67,'00:00:36'),(355,119,'MSD16634','2020-06-02','09:32:35','08:08:54','01:23:37',13.61,'00:00:00',76,75,1.32,'00:00:53','00:00:00','00:00:00','00:00:00',0,'00:00:00',0,0,0.00,'00:00:00'),(356,121,'MSD16792','2020-06-02','01:49:10','01:48:59','00:00:11',62.67,'00:00:00',15,15,0.00,'00:04:33','06:48:06','05:48:18','00:59:45',14,'00:00:00',94,48,51.06,'00:01:02'),(357,346,'MSD19969','2020-06-02','00:00:00','00:00:00','00:00:00',0.00,'00:00:00',0,0,0.00,'00:00:00','00:00:00','00:00:00','00:00:00',0,'00:00:00',0,0,0.00,'00:00:00'),(358,198,'MSD15891','2020-06-02','00:00:00','00:00:00','00:00:00',0.00,'00:00:00',0,0,0.00,'00:00:00','00:00:00','00:00:00','00:00:00',0,'00:00:00',0,0,0.00,'00:00:00'),(359,355,'MSD20260','2020-06-02','06:06:24','05:17:50','00:48:30',19.60,'00:00:00',33,33,0.00,'00:01:53','02:19:14','02:16:48','00:02:25',17,'00:00:00',64,27,42.19,'00:00:52'),(360,380,'MSD20482','2020-06-02','00:00:00','00:00:00','00:00:00',0.00,'00:00:00',0,0,0.00,'00:00:00','00:00:00','00:00:00','00:00:00',0,'00:00:00',0,0,0.00,'00:00:00'),(361,135,'MSD18714','2020-06-02','08:13:38','07:42:18','00:31:19',25.02,'00:00:00',63,61,3.17,'00:01:54','00:00:00','00:00:00','00:00:00',0,'00:00:00',0,0,0.00,'00:00:00'),(362,376,'MSD20462','2020-06-02','08:12:32','07:46:33','00:25:55',53.18,'00:00:00',167,160,4.19,'00:01:33','00:00:00','00:00:00','00:00:00',0,'00:00:00',0,0,0.00,'00:00:00'),(363,166,'MSD16691','2020-06-02','08:14:09','07:51:15','00:22:52',49.19,'00:00:00',164,159,3.05,'00:01:27','00:00:00','00:00:00','00:00:00',0,'00:00:00',0,0,0.00,'00:00:00'),(364,247,'MSD17070','2020-06-02','08:04:10','07:30:00','00:34:07',70.38,'00:01:28',113,113,0.00,'00:02:49','00:09:21','00:09:21','00:00:00',1,'00:00:00',2,0,0.00,'00:00:00'),(365,186,'MSD17589','2020-06-02','08:17:43','07:46:05','00:31:36',59.71,'00:00:00',166,162,2.41,'00:01:43','00:00:00','00:00:00','00:00:00',0,'00:00:00',0,0,0.00,'00:00:00'),(366,350,'MSD20230','2020-06-02','00:00:00','00:00:00','00:00:00',0.00,'00:00:00',0,0,0.00,'00:00:00','00:00:00','00:00:00','00:00:00',0,'00:00:00',0,0,0.00,'00:00:00'),(367,173,'MSD16689','2020-06-02','00:00:00','00:00:00','00:00:00',0.00,'00:00:00',0,0,0.00,'00:00:00','00:00:00','00:00:00','00:00:00',0,'00:00:00',0,0,0.00,'00:00:00'),(368,175,'MSD16719','2020-06-02','08:26:14','07:44:53','00:41:16',61.82,'00:04:05',122,121,0.82,'00:02:24','00:00:00','00:00:00','00:00:00',0,'00:00:00',0,0,0.00,'00:00:00'),(369,180,'MSD17328','2020-06-02','03:57:32','03:57:25','00:00:07',74.71,'00:00:00',65,65,0.00,'00:02:44','04:14:40','03:39:13','00:35:25',25,'00:00:00',120,60,50.00,'00:00:54'),(370,295,'MSD19732','2020-06-02','04:18:39','04:04:40','00:13:59',75.71,'00:00:00',69,69,0.00,'00:02:41','03:46:56','03:30:32','00:16:23',37,'00:00:00',180,100,55.56,'00:00:46'),(371,178,'MSD17326','2020-06-02','04:32:03','04:20:37','00:11:24',71.39,'00:00:56',70,70,0.00,'00:02:40','03:48:27','03:18:06','00:30:19',18,'00:00:00',82,40,48.78,'00:00:53'),(372,182,'MSD17331','2020-06-02','03:53:38','03:40:55','00:12:41',76.72,'00:00:00',49,49,0.00,'00:03:27','04:26:06','04:03:35','00:22:31',30,'00:00:00',150,69,46.00,'00:01:04'),(373,185,'MSD17566','2020-06-02','04:17:06','04:17:06','00:00:00',68.09,'00:00:00',62,62,0.00,'00:02:49','04:03:02','03:19:47','00:43:12',24,'00:00:00',101,56,55.45,'00:00:51'),(374,257,'MSD18967','2020-06-02','06:37:55','06:19:20','00:18:35',71.41,'00:00:00',99,99,0.00,'00:02:44','02:07:06','01:20:03','00:47:00',21,'00:00:00',20,14,70.00,'00:01:13'),(375,296,'MSD19739','2020-06-02','05:32:23','05:20:06','00:12:14',64.74,'00:01:09',85,84,1.18,'00:02:29','02:42:45','02:19:53','00:22:51',31,'00:00:00',117,45,38.46,'00:00:58'),(376,170,'MSD16446','2020-06-02','05:47:49','05:14:15','00:33:32',64.99,'00:00:00',84,84,0.00,'00:02:26','02:33:20','02:21:07','00:12:12',23,'00:00:00',93,33,35.48,'00:00:58'),(377,27,'MSD17769','2020-06-02','05:15:59','05:13:10','00:02:48',75.26,'00:00:00',90,90,0.00,'00:02:37','02:46:40','02:21:30','00:25:09',27,'00:00:00',83,35,42.17,'00:01:05'),(378,374,'MSD20460','2020-06-02','07:14:26','06:30:20','00:44:04',71.20,'00:00:00',95,95,0.00,'00:02:55','01:11:11','01:08:10','00:03:00',42,'00:00:00',33,14,42.42,'00:02:01'),(379,325,'MSD19725','2020-06-02','08:09:05','07:39:57','00:29:05',54.46,'00:00:00',142,142,0.00,'00:01:46','00:00:00','00:00:00','00:00:00',0,'00:00:00',0,0,0.00,'00:00:00'),(380,181,'MSD17330','2020-06-02','08:49:58','08:00:47','00:49:07',59.55,'00:00:00',160,158,1.25,'00:01:49','00:00:00','00:00:00','00:00:00',0,'00:00:00',0,0,0.00,'00:00:00'),(381,167,'MSD16894','2020-06-02','04:40:25','04:36:50','00:03:35',71.81,'00:00:00',101,101,0.00,'00:01:58','03:24:48','02:56:10','00:28:35',13,'00:00:00',79,36,45.57,'00:00:39'),(382,169,'MSD15875','2020-06-02','00:00:00','00:00:00','00:00:00',0.00,'00:00:00',0,0,0.00,'00:00:00','00:00:00','00:00:00','00:00:00',0,'00:00:00',0,0,0.00,'00:00:00'),(383,375,'MSD20461','2020-06-02','08:06:10','07:39:30','00:26:36',52.46,'00:00:00',172,171,0.58,'00:01:25','00:00:00','00:00:00','00:00:00',0,'00:00:00',0,0,0.00,'00:00:00'),(384,171,'MSD16562','2020-06-02','07:21:48','07:16:06','00:05:41',68.91,'00:00:00',112,112,0.00,'00:02:41','00:43:51','00:21:24','00:22:25',18,'00:00:00',12,2,16.67,'00:01:54'),(385,236,'MSD16861','2020-06-02','08:09:16','07:43:13','00:26:00',19.09,'00:00:00',55,53,3.64,'00:01:40','00:00:00','00:00:00','00:00:00',0,'00:00:00',0,0,0.00,'00:00:00'),(386,80,'MSD16858','2020-06-02','04:15:19','04:06:39','00:08:40',40.39,'00:00:00',41,41,0.00,'00:02:26','04:40:59','03:29:53','01:11:05',38,'00:00:00',187,105,56.15,'00:00:45'),(387,95,'MSD16785','2020-06-02','01:16:14','01:16:14','00:00:00',47.99,'00:00:00',8,8,0.00,'00:04:34','07:11:15','06:24:58','00:46:15',35,'00:00:00',177,92,51.98,'00:01:27'),(388,188,'MSD16862','2020-06-02','07:47:27','07:45:37','00:01:48',32.66,'00:00:00',99,96,3.03,'00:01:35','00:00:00','00:00:00','00:00:00',0,'00:00:00',0,0,0.00,'00:00:00'),(389,363,'MSD20261','2020-06-02','08:35:21','07:39:13','00:56:05',52.08,'00:00:00',161,153,4.97,'00:01:34','00:00:00','00:00:00','00:00:00',0,'00:00:00',0,0,0.00,'00:00:00'),(390,364,'MSD20262','2020-06-02','08:46:56','08:10:14','00:36:37',23.62,'00:00:00',110,87,20.91,'00:01:20','00:00:00','00:00:00','00:00:00',0,'00:00:00',0,0,0.00,'00:00:00'),(391,29,'MSD16564','2020-06-02','08:02:47','07:42:22','00:20:20',26.84,'00:00:00',116,114,1.72,'00:01:05','00:00:00','00:00:00','00:00:00',0,'00:00:00',0,0,0.00,'00:00:00'),(392,237,'MSD16630','2020-06-02','08:09:16','08:07:22','00:01:53',26.02,'00:00:00',119,118,0.84,'00:01:04','00:00:00','00:00:00','00:00:00',0,'00:00:00',0,0,0.00,'00:00:00'),(393,277,'MSD19526','2020-06-02','00:00:00','00:00:00','00:00:00',0.00,'00:00:00',0,0,0.00,'00:00:00','00:00:00','00:00:00','00:00:00',0,'00:00:00',0,0,0.00,'00:00:00'),(394,287,'MSD19537','2020-06-02','00:00:00','00:00:00','00:00:00',0.00,'00:00:00',0,0,0.00,'00:00:00','00:00:00','00:00:00','00:00:00',0,'00:00:00',0,0,0.00,'00:00:00'),(395,158,'MSD16533','2020-06-02','06:55:03','06:36:53','00:18:04',15.51,'00:00:00',40,37,7.50,'00:01:40','01:08:43','01:02:22','00:06:19',14,'00:00:00',25,9,36.00,'00:00:58'),(396,28,'MSD16974','2020-06-02','08:35:47','08:33:36','00:02:08',11.01,'00:00:00',72,71,1.39,'00:00:48','00:00:00','00:00:00','00:00:00',0,'00:00:00',0,0,0.00,'00:00:00'),(397,279,'MSD19529','2020-06-02','06:52:32','06:13:02','00:39:25',20.96,'00:00:00',40,40,0.00,'00:01:57','01:29:52','01:25:03','00:04:47',11,'00:00:00',30,7,23.33,'00:01:22'),(398,164,'MSD16708','2020-06-02','08:05:22','07:40:17','00:25:01',68.51,'00:00:00',92,92,0.00,'00:03:26','00:00:10','00:00:10','00:00:00',0,'00:00:00',0,0,0.00,'00:00:00'),(399,47,'MSD18700','2020-06-02','08:40:55','07:53:17','00:47:33',22.95,'00:00:00',75,75,0.00,'00:01:27','00:00:00','00:00:00','00:00:00',0,'00:00:00',0,0,0.00,'00:00:00'),(400,225,'MSD18701','2020-06-02','07:03:45','06:48:42','00:15:01',55.95,'00:00:00',79,79,0.00,'00:02:54','00:00:00','00:00:00','00:00:00',0,'00:00:00',0,0,0.00,'00:00:00'),(401,218,'MSD15876','2020-06-02','02:58:48','02:44:20','00:14:27',68.87,'00:06:06',32,32,0.00,'00:03:43','05:41:00','04:54:39','00:46:18',10,'00:00:00',76,36,47.37,'00:00:49'),(402,267,'MSD18984','2020-06-02','02:29:29','02:09:50','00:19:37',56.44,'00:00:00',24,24,0.00,'00:03:03','05:40:34','05:31:46','00:08:46',31,'00:00:00',162,92,56.79,'00:01:07'),(403,202,'MSD16560','2020-06-02','02:34:11','02:34:08','00:00:03',46.51,'00:00:00',31,31,0.00,'00:02:19','06:05:29','05:02:31','01:02:55',35,'00:00:00',272,143,52.57,'00:00:45'),(404,42,'MSD16781','2020-06-02','00:00:00','00:00:00','00:00:00',0.00,'00:00:00',0,0,0.00,'00:00:00','00:00:00','00:00:00','00:00:00',0,'00:00:00',0,0,0.00,'00:00:00'),(405,327,'MSD19944','2020-06-02','04:08:56','03:21:42','00:47:13',53.09,'00:00:04',43,43,0.00,'00:02:29','04:40:34','04:14:59','00:25:33',34,'00:00:00',148,95,64.19,'00:00:55'),(406,40,'MSD18702','2020-06-02','09:14:56','08:31:17','00:43:36',27.98,'00:00:00',84,83,1.19,'00:01:43','00:00:00','00:00:00','00:00:00',0,'00:00:00',0,0,0.00,'00:00:00'),(407,122,'MSD16864','2020-06-02','03:03:30','02:59:40','00:03:49',57.37,'00:00:00',32,32,0.00,'00:03:13','05:40:17','04:42:22','00:57:53',45,'00:00:00',258,125,48.45,'00:01:01'),(408,113,'MSD17336','2020-06-02','07:34:23','07:08:55','00:25:25',18.12,'00:00:00',41,40,2.44,'00:01:56','00:31:11','00:31:11','00:00:00',24,'00:00:00',15,9,60.00,'00:00:50'),(409,245,'MSD18963','2020-06-02','02:00:59','01:59:58','00:01:00',63.93,'00:00:00',21,21,0.00,'00:03:39','06:28:43','05:39:00','00:49:39',39,'00:00:00',150,102,68.00,'00:01:17'),(410,138,'MSD16615','2020-06-02','02:04:31','02:02:02','00:02:28',52.25,'00:00:00',23,23,0.00,'00:02:46','06:06:23','05:33:01','00:33:20',35,'00:00:00',176,108,61.36,'00:01:05'),(411,253,'MSD18980','2020-06-02','00:00:00','00:00:00','00:00:00',0.00,'00:00:00',0,0,0.00,'00:00:00','00:00:00','00:00:00','00:00:00',0,'00:00:00',0,0,0.00,'00:00:00'),(412,226,'MSD18717','2020-06-02','08:31:57','07:49:47','00:42:09',14.67,'00:00:00',88,87,1.14,'00:00:47','00:00:00','00:00:00','00:00:00',0,'00:00:00',0,0,0.00,'00:00:00'),(413,165,'MSD17344','2020-06-02','02:20:13','02:18:57','00:01:14',62.07,'00:03:28',29,29,0.00,'00:03:05','05:45:40','05:21:42','00:23:56',29,'00:00:00',185,103,55.68,'00:00:54'),(414,108,'MSD17435','2020-06-02','00:46:56','00:46:48','00:00:08',60.65,'00:00:00',9,9,0.00,'00:03:09','07:35:22','06:52:36','00:42:41',46,'00:00:00',318,190,59.75,'00:01:00'),(415,249,'MSD18978','2020-06-02','01:49:02','01:48:59','00:00:02',44.72,'00:00:00',13,13,0.00,'00:03:44','06:37:43','05:49:25','00:48:14',26,'00:00:00',145,77,53.10,'00:01:10'),(416,229,'MSD16557','2020-06-02','08:18:14','07:57:08','00:21:03',42.96,'00:00:00',77,75,2.60,'00:02:44','00:00:00','00:00:00','00:00:00',0,'00:00:00',0,0,0.00,'00:00:00'),(417,223,'MSD16786','2020-06-02','09:13:55','08:03:40','01:10:12',27.52,'00:00:00',87,80,8.05,'00:01:40','00:00:00','00:00:00','00:00:00',0,'00:00:00',0,0,0.00,'00:00:00'),(418,146,'MSD16761','2020-06-02','00:00:00','00:00:00','00:00:00',0.00,'00:00:00',0,0,0.00,'00:00:00','00:00:00','00:00:00','00:00:00',0,'00:00:00',0,0,0.00,'00:00:00'),(419,128,'MSD17583','2020-06-02','08:14:39','07:43:50','00:30:44',35.59,'00:00:58',76,76,0.00,'00:02:11','00:00:00','00:00:00','00:00:00',0,'00:00:00',0,0,0.00,'00:00:00'),(420,200,'MSD16898','2020-06-02','08:05:42','07:40:48','00:24:49',67.68,'00:00:00',106,106,0.00,'00:02:56','00:00:00','00:00:00','00:00:00',0,'00:00:00',0,0,0.00,'00:00:00'),(421,209,'MSD17580','2020-06-02','09:00:32','08:18:28','00:42:00',38.49,'00:00:00',115,108,6.09,'00:01:46','00:00:00','00:00:00','00:00:00',0,'00:00:00',0,0,0.00,'00:00:00'),(422,393,'MSD20724','2020-06-02','00:00:00','00:00:00','00:00:00',0.00,'00:00:00',0,0,0.00,'00:00:00','08:23:36','08:00:42','00:22:52',17,'00:00:00',45,25,55.56,'00:03:15'),(423,394,'MSD20725','2020-06-02','04:32:45','03:50:51','00:41:52',41.45,'00:00:00',35,35,0.00,'00:02:44','04:08:50','03:45:02','00:23:47',19,'00:00:00',69,41,59.42,'00:01:01'),(424,395,'MSD20726','2020-06-02','10:42:39','09:48:12','00:54:20',35.72,'00:00:00',101,101,0.00,'00:02:05','00:00:00','00:00:00','00:00:00',0,'00:00:00',0,0,0.00,'00:00:00'),(425,392,'MSD20723','2020-06-02','08:05:41','07:47:08','00:18:30',60.09,'00:00:00',194,187,3.61,'00:01:30','00:00:00','00:00:00','00:00:00',0,'00:00:00',0,0,0.00,'00:00:00'),(426,396,'MSD20727','2020-06-02','02:38:54','02:17:33','00:21:17',70.47,'00:00:00',30,30,0.00,'00:03:14','05:28:11','05:26:13','00:01:56',43,'00:00:00',153,90,58.82,'00:01:33'),(427,397,'MSD20728','2020-06-02','08:58:58','07:44:01','01:14:54',66.87,'00:00:00',107,107,0.00,'00:02:54','00:00:00','00:00:00','00:00:00',0,'00:00:00',0,0,0.00,'00:00:00'),(428,261,'MSD18976','2020-06-02','08:31:07','08:16:43','00:14:21',31.51,'00:00:00',153,153,0.00,'00:01:01','00:00:00','00:00:00','00:00:00',0,'00:00:00',0,0,0.00,'00:00:00'),(429,84,'MSD17156','2020-06-02','01:46:47','01:18:27','00:28:17',54.00,'00:00:00',17,17,0.00,'00:02:29','06:24:08','06:21:35','00:02:33',22,'00:00:00',210,88,41.90,'00:00:58'),(430,101,'MSD17335','2020-06-02','08:14:25','07:39:26','00:34:54',36.61,'00:00:00',133,129,3.01,'00:01:18','00:00:00','00:00:00','00:00:00',0,'00:00:00',0,0,0.00,'00:00:00'),(431,378,'MSD20464','2020-06-02','08:19:20','07:52:32','00:26:45',16.86,'00:00:00',78,77,1.28,'00:01:02','00:00:00','00:00:00','00:00:00',0,'00:00:00',0,0,0.00,'00:00:00'),(432,233,'MSD18713','2020-06-02','08:02:36','07:39:14','00:23:21',13.13,'00:00:00',48,46,4.17,'00:01:18','00:00:00','00:00:00','00:00:00',0,'00:00:00',0,0,0.00,'00:00:00'),(433,179,'MSD17327','2020-06-02','04:53:07','04:10:38','00:42:26',70.61,'00:00:00',81,81,0.00,'00:02:11','03:31:34','03:29:00','00:02:34',26,'00:00:00',136,65,47.79,'00:00:51'),(434,398,'MSD20769','2020-06-02','08:14:44','07:40:57','00:33:42',66.45,'00:00:00',131,131,0.00,'00:02:20','00:00:00','00:00:00','00:00:00',0,'00:00:00',0,0,0.00,'00:00:00'),(435,399,'MSD20770','2020-06-02','08:08:17','07:37:36','00:30:39',70.65,'00:00:00',87,87,0.00,'00:03:43','00:00:00','00:00:00','00:00:00',0,'00:00:00',0,0,0.00,'00:00:00'),(436,400,'MSD20771','2020-06-02','00:00:00','00:00:00','00:00:00',0.00,'00:00:00',0,0,0.00,'00:00:00','00:00:00','00:00:00','00:00:00',0,'00:00:00',0,0,0.00,'00:00:00'),(437,401,'MSD20772','2020-06-02','00:00:00','00:00:00','00:00:00',0.00,'00:00:00',0,0,0.00,'00:00:00','00:00:00','00:00:00','00:00:00',0,'00:00:00',0,0,0.00,'00:00:00'),(438,402,'MSD20773','2020-06-02','08:21:26','07:33:05','00:48:15',72.51,'00:00:00',75,75,0.00,'00:04:23','00:00:00','00:00:00','00:00:00',0,'00:00:00',0,0,0.00,'00:00:00'),(439,403,'MSD20774','2020-06-02','08:23:06','07:40:08','00:42:51',67.78,'00:00:00',101,99,1.98,'00:03:09','00:00:00','00:00:00','00:00:00',0,'00:00:00',0,0,0.00,'00:00:00'),(440,268,'MSD18977','2020-06-02','09:11:58','08:34:36','00:37:18',30.74,'00:00:00',109,104,4.59,'00:01:31','00:00:00','00:00:00','00:00:00',0,'00:00:00',0,0,0.00,'00:00:00'),(441,274,'MSD18957','2020-06-02','08:28:05','07:40:35','00:47:26',64.61,'00:00:00',113,113,0.00,'00:02:38','00:00:00','00:00:00','00:00:00',0,'00:00:00',0,0,0.00,'00:00:00'),(442,190,'MSD16534','2020-06-02','08:10:14','07:39:24','00:30:48',63.34,'00:00:00',112,111,0.89,'00:02:37','00:00:00','00:00:00','00:00:00',0,'00:00:00',0,0,0.00,'00:00:00'),(443,335,'MSD19959','2020-06-02','00:00:00','00:00:00','00:00:00',0.00,'00:00:00',0,0,0.00,'00:00:00','00:00:00','00:00:00','00:00:00',0,'00:00:00',0,0,0.00,'00:00:00'),(444,342,'MSD19958','2020-06-02','08:32:45','07:38:55','00:53:46',68.73,'00:00:00',96,96,0.00,'00:03:17','00:00:00','00:00:00','00:00:00',0,'00:00:00',0,0,0.00,'00:00:00'),(445,319,'MSD19744','2020-06-02','08:30:38','07:35:57','00:54:38',64.61,'00:00:00',97,97,0.00,'00:03:02','00:00:00','00:00:00','00:00:00',0,'00:00:00',0,0,0.00,'00:00:00'),(446,390,'MSD20495','2020-06-02','08:01:15','07:33:59','00:27:10',73.27,'00:02:56',86,86,0.00,'00:03:54','00:00:00','00:00:00','00:00:00',0,'00:00:00',0,0,0.00,'00:00:00');
/*!40000 ALTER TABLE `agent_performance` ENABLE KEYS */;
UNLOCK TABLES;

--
-- Table structure for table `agentfeedback`
--

DROP TABLE IF EXISTS `agentfeedback`;
/*!40101 SET @saved_cs_client     = @@character_set_client */;
/*!40101 SET character_set_client = utf8 */;
CREATE TABLE `agentfeedback` (
  `id` int(11) NOT NULL AUTO_INCREMENT,
  `audit_id` int(11) NOT NULL,
  `Auditor` enum('Yes','No') NOT NULL,
  `Accepted` enum('Yes','No') NOT NULL,
  `date_of` timestamp NOT NULL DEFAULT current_timestamp(),
  PRIMARY KEY (`id`)
) ENGINE=InnoDB DEFAULT CHARSET=utf8;
/*!40101 SET character_set_client = @saved_cs_client */;

--
-- Dumping data for table `agentfeedback`
--

LOCK TABLES `agentfeedback` WRITE;
/*!40000 ALTER TABLE `agentfeedback` DISABLE KEYS */;
/*!40000 ALTER TABLE `agentfeedback` ENABLE KEYS */;
UNLOCK TABLES;

--
-- Table structure for table `agents`
--

DROP TABLE IF EXISTS `agents`;
/*!40101 SET @saved_cs_client     = @@character_set_client */;
/*!40101 SET character_set_client = utf8 */;
CREATE TABLE `agents` (
  `id` int(11) NOT NULL AUTO_INCREMENT,
  `process_log_id` int(11) NOT NULL,
  `emp_id` varchar(20) NOT NULL,
  `password` varchar(20) NOT NULL DEFAULT '123456',
  `name` varchar(50) NOT NULL,
  `employee_id_TL` int(11) NOT NULL,
  `employee_id_AM` int(11) NOT NULL,
  `shift_id` int(11) NOT NULL,
  `DOJ` date NOT NULL,
  `process` varchar(20) NOT NULL,
  `gender` int(11) NOT NULL,
  `batch_no` int(11) NOT NULL,
  `status` enum('0','1') NOT NULL DEFAULT '1' COMMENT '0 for close 1 for active',
  `lastLogin` date NOT NULL,
  PRIMARY KEY (`id`),
  UNIQUE KEY `emp_id` (`emp_id`),
  KEY `id` (`id`)
) ENGINE=InnoDB AUTO_INCREMENT=409 DEFAULT CHARSET=utf8;
/*!40101 SET character_set_client = @saved_cs_client */;

--
-- Dumping data for table `agents`
--

LOCK TABLES `agents` WRITE;
/*!40000 ALTER TABLE `agents` DISABLE KEYS */;
INSERT INTO `agents` VALUES (2,1,'MSD17004','123456','Ashu Gupta',12,6,3,'2019-03-15','MPPKVVCL',0,8,'1','2020-06-04'),(3,1,'MSD17077','123456','Ashwini Gohar',12,6,3,'2019-03-27','MPPKVVCL',0,9,'1','2020-06-03'),(4,1,'MSD17076','123456','Jyoti Ahirwar',12,6,3,'2019-03-27','MPPKVVCL',0,9,'0','2020-05-02'),(5,1,'MSD16874','123456','Kanchan Dubey',12,6,3,'2019-03-02','MPPKVVCL',0,7,'1','2020-06-04'),(6,1,'MSD17140','123456','Kaynat Bano Qureshi',12,6,3,'2019-04-14','MPPKVVCL',0,10,'1','2020-06-04'),(7,1,'MSD17142','123456','Mayanka Saxena',12,6,3,'2019-04-14','MPPKVVCL',0,10,'1','2020-06-03'),(8,1,'MSD17006','123456','Muskan Katoch',12,6,3,'2019-03-15','MPPKVVCL',0,8,'1','2020-06-04'),(9,1,'MSD17071','123456','Palak Rawat',12,6,3,'2019-03-27','MPPKVVCL',0,9,'0','2020-05-02'),(10,1,'MSD17138','123456','Pinky Patel',12,6,3,'2019-04-14','MPPKVVCL',0,10,'1','2020-06-04'),(11,1,'MSD17072','123456','Pooja Chakarwarti',12,6,3,'2019-03-27','MPPKVVCL',0,9,'1','2020-06-04'),(12,1,'MSD17011','123456','Poornima Sondhiya',12,6,3,'2019-03-15','MPPKVVCL',0,8,'1','2020-06-04'),(13,1,'MSD16528','123456','Rakhi Vishwakarma',12,6,3,'2019-01-31','MPPKVVCL',0,3,'1','2020-06-04'),(14,1,'MSD17003','123456','Shivani Pathak',12,6,3,'2019-03-16','MPPKVVCL',0,8,'0','2020-04-30'),(15,1,'MSD15810','123456','Sonali Vishwakarma',12,10,3,'2018-10-11','MPPKVVCL',0,1,'0','2020-05-02'),(16,1,'MSD17069','123456','Swati Shrivastava',12,6,3,'2019-03-27','MPPKVVCL',0,9,'1','2020-06-04'),(17,1,'MSD17075','123456','Amrita Singh',12,6,3,'2019-03-27','MPPKVVCL',0,9,'0','2020-05-04'),(18,1,'MSD16448','123456','Reeta Tiwari',12,6,3,'2019-01-17','MPPKVVCL',0,2,'1','2020-06-03'),(19,1,'MSD16553','123456','Chaya Vishwakarma',12,6,3,'2019-01-31','MPPKVVCL',0,3,'1','2020-06-04'),(20,1,'MSD15883','123456','Kiran Pateliya ',12,7,3,'2018-10-11','MPPKVVCL',0,1,'0','2020-03-04'),(21,1,'MSD15795','123456','Deepali Gupta',12,10,3,'2018-10-11','MPPKVVCL',0,1,'0','2019-12-21'),(22,1,'MSD16552','123456','Shilpa Kori',12,6,3,'2019-01-31','MPPKVVCL',0,3,'1','2020-06-04'),(23,1,'MSD17056','123456','Shristy Ward',12,6,3,'2019-03-27','MPPKVVCL',0,9,'1','2020-06-03'),(24,1,'MSD17570','123456','Monika Choubey',12,6,3,'2019-06-07','MPPKVVCL',0,13,'1','2020-06-04'),(25,1,'MSD17571','123456','Khushbu Patel',12,7,3,'2019-06-07','MPPKVVCL',0,13,'0','2020-03-08'),(26,1,'MSD16542','123456','Nisha Ben',11,7,3,'2019-01-31','MPPKVVCL',0,3,'0','2020-01-29'),(27,1,'MSD17769','123456','Preeti Paigwar',28,6,3,'2019-06-28','MPPKVVCL',0,14,'1','2020-06-04'),(28,1,'MSD16974','123456','Aditya Singh',14,6,1,'2019-03-15','MPPKVVCL',1,8,'1','2020-06-03'),(29,1,'MSD16564','123456','Puneet patel',14,6,1,'2019-01-31','MPPKVVCL',1,3,'1','2020-06-02'),(30,1,'MSD16780','123456','Ronak Rawat',17,10,2,'2019-02-22','MPPKVVCL',1,6,'0','2020-04-28'),(31,1,'MSD16993','123456','Shivam Upadhaya',18,7,1,'2019-03-16','MPPKVVCL',1,8,'1','2020-05-18'),(32,1,'MSD17073','123456','Hitesh Shukla',19,7,2,'2019-03-27','MPPKVVCL',1,9,'1','2020-05-31'),(33,1,'MSD17770','123456','Ashish Warkade',17,7,2,'2019-06-28','MPPKVVCL',1,14,'0','2020-05-02'),(34,1,'MSD17771','123456','Mukesh Patel',18,7,2,'2019-06-28','MPPKVVCL',1,14,'0','2020-05-02'),(35,1,'MSD16549','123456','Ajay Goutam',27,7,2,'2019-01-31','MPPKVVCL',1,3,'1','2020-06-02'),(36,1,'MSD16705','123456','Keshari Prasad Vishw',16,10,2,'2019-02-14','MPPKVVCL',1,5,'0','2020-02-23'),(37,1,'MSD16571','123456','Ankit Yadav',13,7,2,'2019-01-31','MPPKVVCL',1,3,'1','2020-06-03'),(38,1,'MSD16889','123456','Satyam Mishra',19,6,2,'2019-03-02','MPPKVVCL',1,7,'0','2020-04-30'),(39,1,'MSD16707','123456','Alvin Stephen',16,7,1,'2019-02-14','MPPKVVCL',1,5,'0','2020-05-04'),(40,1,'MSD18702','123456','Suraj Prasad kol',16,6,1,'2019-08-07','MPPKVVCL',1,15,'1','2020-06-04'),(41,1,'MSD18705','123456','Deepak Yadav',17,10,2,'2019-08-07','MPPKVVCL',1,15,'0','2020-03-24'),(42,1,'MSD16781','123456','Anand Singh',16,6,2,'2019-02-22','MPPKVVCL',1,6,'1','2020-06-01'),(43,1,'MSD18707','123456','Prem shankar chadar',18,7,2,'2019-08-07','MPPKVVCL',1,15,'1','2020-06-03'),(44,1,'MSD18709','123456','Suraj Vishwakarma',18,7,2,'2019-08-07','MPPKVVCL',1,15,'1','2020-06-02'),(45,1,'MSD18712','123456','Adarsh Namdev',16,10,2,'2019-08-07','MPPKVVCL',1,15,'0','2020-03-18'),(46,1,'MSD18763','123456','Govind Rajak',18,6,2,'2019-08-07','MPPKVVCL',1,15,'0','2020-01-17'),(47,1,'MSD18700','123456','Akshay Kewat',14,6,1,'2019-08-08','MPPKVVCL',1,15,'1','2020-06-04'),(48,1,'MSD17436','123456','Manju lal kushwaha',15,7,2,'2019-05-20','MPPKVVCL',1,12,'0','2020-04-12'),(49,1,'MSD17744','123456','Sumit Ku.Patel',19,6,1,'2019-06-28','MPPKVVCL',1,14,'0','2019-11-19'),(50,1,'MSD17747','123456','Abhishek Dahiya',19,6,1,'2019-06-28','MPPKVVCL',1,14,'0','2020-02-10'),(51,1,'MSD17748','123456','Adarsh dubey',19,6,1,'2019-06-28','MPPKVVCL',1,14,'0','2019-12-09'),(52,1,'MSD18695','123456','Shalinee chandel',24,6,3,'2019-08-07','MPPKVVCL',0,15,'1','2020-06-04'),(53,1,'MSD18696','123456','Shivani Tahanguriya',24,6,3,'2019-08-07','MPPKVVCL',0,15,'0','2020-04-23'),(54,1,'MSD16525','123456','Ankita Gotel',24,6,3,'2019-02-01','MPPKVVCL',0,3,'1','2020-06-03'),(55,1,'MSD16561','123456','Mahima Ben',24,6,3,'2019-01-31','MPPKVVCL',0,3,'1','2020-06-03'),(56,1,'MSD16869','123456','Vaisnavi Bhaskar',11,7,3,'2019-03-02','MPPKVVCL',0,7,'0','2020-04-27'),(57,1,'MSD16447','123456','Ayushi Mehra',24,6,3,'2019-01-17','MPPKVVCL',0,2,'1','2020-06-04'),(58,1,'MSD15897','123456','Preeti Uikey',24,6,3,'2018-10-14','MPPKVVCL',0,1,'1','2020-06-04'),(59,1,'MSD16526','123456','Anibha Kewat',24,6,3,'2019-01-31','MPPKVVCL',0,3,'1','2020-06-04'),(60,1,'MSD17332','123456','Anjali Markam',24,10,3,'2019-05-08','MPPKVVCL',0,11,'0','2020-03-17'),(61,1,'MSD16523','123456','Jyoti Choudhary',24,10,3,'2019-01-31','MPPKVVCL',0,3,'0','2020-02-06'),(62,1,'MSD16986','123456','Jyoti Sharma',24,6,3,'2019-03-15','MPPKVVCL',0,8,'1','2020-06-04'),(63,1,'MSD17442','123456','Kanchan Kirme',24,6,3,'2019-05-20','MPPKVVCL',0,12,'1','2020-06-04'),(64,1,'MSD17143','123456','Megha Rathore',24,6,3,'2019-04-14','MPPKVVCL',0,10,'1','2020-06-04'),(65,1,'MSD17739','123456','Neha Rawtel',24,6,3,'2019-06-28','MPPKVVCL',0,14,'1','2020-06-04'),(66,1,'MSD16996','123456','Pooja Jaiswal',11,7,3,'2019-03-15','MPPKVVCL',0,8,'0','2020-03-20'),(67,1,'MSD16449','123456','Poonam Sonwani',24,6,3,'2019-01-17','MPPKVVCL',0,2,'1','2020-06-01'),(68,1,'MSD16897','123456','Richa Sahu',24,6,3,'2019-03-02','MPPKVVCL',0,7,'1','2020-06-01'),(69,1,'MSD17587','123456','Roshni Visvakarma',24,6,3,'2019-06-07','MPPKVVCL',0,13,'1','2020-06-04'),(70,1,'MSD16530','123456','Sheetal Singh',5,7,3,'2019-02-01','MPPKVVCL',0,3,'0','2020-04-25'),(71,1,'MSD16998','123456','Shikha Jha',24,6,3,'2019-03-15','MPPKVVCL',0,8,'1','2020-06-04'),(72,1,'MSD17000','123456','Shikha Pathak',24,6,3,'2019-03-15','MPPKVVCL',0,8,'1','2020-06-04'),(73,1,'MSD16888','123456','Upasna Patel',24,6,3,'2019-03-03','MPPKVVCL',0,7,'1','2020-06-03'),(74,1,'MSD15813','123456','Varsha Kacchi',24,6,3,'2018-10-11','MPPKVVCL',0,1,'1','2020-06-04'),(75,1,'MSD17740','123456','Yoshita Rawtel',24,6,3,'2019-06-28','MPPKVVCL',0,14,'1','2020-06-04'),(76,1,'MSD16635','123456','Pradeep Kushwaha',16,6,2,'2019-02-08','MPPKVVCL',1,4,'0','2020-04-17'),(77,1,'MSD17068','123456','Shubham Mallah',13,7,1,'2019-03-27','MPPKVVCL',1,9,'1','2020-06-04'),(78,1,'MSD17159','123456','Sourabh Shukla',15,7,2,'2019-04-14','MPPKVVCL',1,10,'1','2020-06-03'),(79,1,'MSD17743','123456','Ajay Ganguly',17,10,1,'2019-06-28','MPPKVVCL',1,14,'0','2019-12-28'),(80,1,'MSD16858','123456','Ajay Tiwari',14,6,2,'2019-03-02','MPPKVVCL',1,7,'1','2020-06-03'),(81,1,'MSD17575','123456','Om Chakravarti',16,10,1,'2019-06-07','MPPKVVCL',1,13,'0','2020-05-02'),(82,1,'MSD17594','123456','Rishabh Yadav',18,7,1,'2019-06-07','MPPKVVCL',1,13,'1','2020-06-04'),(83,1,'MSD17572','123456','Tushar Kanojiya',14,10,2,'2019-06-07','MPPKVVCL',1,13,'0','2020-03-02'),(84,1,'MSD17156','123456','Hari singh Thakur',16,6,1,'2019-04-14','MPPKVVCL',1,10,'1','2020-06-03'),(85,1,'MSD17155','123456','Rajkumar Lodhi',14,10,1,'2019-04-14','MPPKVVCL',1,10,'0','2020-04-29'),(86,1,'MSD17161','123456','Rahul Vishwakarma',17,10,2,'2019-04-14','MPPKVVCL',1,10,'0','2019-11-12'),(87,1,'MSD17164','123456','Rishabh Patel',17,10,2,'2019-04-14','MPPKVVCL',1,10,'0','2019-12-23'),(88,1,'MSD17063','123456','Gajendra Shivhare',17,10,2,'2019-03-27','MPPKVVCL',1,9,'0','2020-01-05'),(89,1,'MSD17581','123456','Ram Chakravarti',19,6,2,'2019-06-07','MPPKVVCL',1,13,'0','2020-04-27'),(90,1,'MSD17574','123456','Abhishek Tiwari',13,6,1,'2019-06-07','MPPKVVCL',1,13,'0','2020-03-04'),(91,1,'MSD17742','123456','Alok Patel',16,10,2,'2019-06-28','MPPKVVCL',1,14,'0','2020-04-19'),(92,1,'MSD16793','123456','Ravi Kumar patel',27,7,1,'2019-02-22','MPPKVVCL',1,6,'1','2020-06-03'),(93,1,'MSD17170','123456','Manish Rane',17,10,2,'2019-04-14','MPPKVVCL',1,10,'0','2020-02-18'),(94,1,'MSD17149','123456','Abhishek Kuswaha',19,6,2,'2019-04-14','MPPKVVCL',1,10,'0','2020-03-10'),(95,1,'MSD16785','123456','Mayank Kushwaha',14,6,2,'2019-02-22','MPPKVVCL',1,6,'1','2020-06-03'),(96,1,'MSD17154','123456','Shubham Kashyap',17,10,2,'2019-04-14','MPPKVVCL',1,10,'0','2019-12-23'),(97,1,'MSD16612','123456','Ashwani Singh Thakur',18,7,2,'2019-02-08','MPPKVVCL',1,4,'1','2020-06-03'),(98,1,'MSD17158','123456','Rahul Yadav ',16,10,2,'2019-04-14','MPPKVVCL',1,10,'0','2019-10-11'),(99,1,'MSD16633','123456','Amit Kushwaha',19,7,1,'2019-02-08','MPPKVVCL',1,4,'1','2020-06-02'),(100,1,'MSD16770','123456','Keshav chadar',27,7,2,'2019-02-23','MPPKVVCL',1,6,'1','2020-05-17'),(101,1,'MSD17335','123456','Vijay Chourha',16,6,1,'2019-05-08','MPPKVVCL',1,11,'1','2020-06-03'),(102,1,'MSD16879','123456','Brijesh Kushwaha',14,10,2,'2019-03-05','MPPKVVCL',1,7,'0','2020-04-27'),(103,1,'MSD16779','123456','Rakesh Sarathe',18,7,2,'2019-02-22','MPPKVVCL',1,6,'1','2020-06-03'),(104,1,'MSD16565','123456','Sandeep Choubey',14,10,2,'2019-01-31','MPPKVVCL',1,3,'0','2020-05-04'),(105,1,'MSD17438','123456','Vivek Kashyap',18,6,2,'2019-05-20','MPPKVVCL',1,12,'0','2020-04-14'),(106,1,'MSD17074','123456','Mukesh Patel',17,7,2,'2019-03-27','MPPKVVCL',1,9,'0','2020-03-06'),(107,1,'MSD16698','123456','Akash Peter',13,7,1,'2019-02-14','MPPKVVCL',1,5,'0','2020-03-20'),(108,1,'MSD17435','123456','Akhilesh Singh',16,6,2,'2019-05-20','MPPKVVCL',1,12,'1','2020-06-03'),(109,1,'MSD15797','123456','Eric Deepak Reddy',13,7,1,'2018-10-11','MPPKVVCL',1,1,'0','2020-04-25'),(110,1,'MSD18718','123456','Naman Chouksey',27,7,1,'2019-08-07','MPPKVVCL',1,15,'0','2020-04-04'),(111,1,'MSD17598','123456','Rohit Singh',18,6,2,'2019-06-07','MPPKVVCL',1,13,'0','2020-01-29'),(112,1,'MSD16978','123456','Pawan Luniya',27,7,2,'2019-03-15','MPPKVVCL',1,8,'0','2020-04-30'),(113,1,'MSD17336','123456','Jitendra Kushwaha',16,6,2,'2019-05-08','MPPKVVCL',1,11,'1','2020-06-04'),(114,1,'MSD17599','123456','Rohit Shrivastav',17,7,2,'2019-06-07','MPPKVVCL',1,13,'0','2020-03-17'),(115,1,'MSD17446','123456','Priyanshu Jain',27,7,2,'2019-05-20','MPPKVVCL',1,12,'1','2020-06-04'),(116,1,'MSD16629','123456','Atul Vishwakarma',15,7,2,'2019-02-09','MPPKVVCL',1,4,'1','2020-06-04'),(117,1,'MSD17431','123456','Ankit Agarwal',17,10,2,'2019-05-20','MPPKVVCL',1,12,'0','2019-12-31'),(118,1,'MSD16632','123456','Anupam Patel',16,10,1,'2019-02-08','MPPKVVCL',1,4,'0','2020-05-02'),(119,1,'MSD16634','123456','Anshu Verma',13,7,2,'2019-02-08','MPPKVVCL',1,4,'1','2020-06-02'),(120,1,'MSD16627','123456','Balkrishna Tiwari',13,7,2,'2019-02-08','MPPKVVCL',1,4,'1','2020-06-02'),(121,1,'MSD16792','123456','Dharmendra Kushwaha',13,7,2,'2019-02-22','MPPKVVCL',1,6,'1','2020-06-03'),(122,1,'MSD16864','123456','Monu Barman',16,6,2,'2019-03-02','MPPKVVCL',1,7,'1','2020-06-03'),(123,1,'MSD16623','123456','Pradeep Choubey',27,7,2,'2019-02-08','MPPKVVCL',1,4,'1','2020-06-03'),(124,1,'MSD16880','123456','Raju Prasad Raghuwan',18,7,2,'2019-03-02','MPPKVVCL',1,7,'1','2020-06-03'),(125,1,'MSD16568','123456','Sanjay Giri Goswami',27,7,2,'2019-01-31','MPPKVVCL',1,3,'1','2020-06-03'),(126,1,'MSD16799','123456','Sanket Mishra',13,10,2,'2019-02-22','MPPKVVCL',1,6,'0','2020-01-23'),(127,1,'MSD17576','123456','Shravan Patel',13,10,2,'2019-06-07','MPPKVVCL',1,13,'0','2020-05-02'),(128,1,'MSD17583','123456','Shubham Dubey',16,6,1,'2019-06-07','MPPKVVCL',1,13,'1','2020-06-04'),(129,1,'MSD17765','123456','Vikas Tiwari',19,6,2,'2019-06-28','MPPKVVCL',1,14,'0','2020-05-02'),(130,1,'MSD18699','123456','Altaf Kureeshi',17,6,1,'2019-08-08','MPPKVVCL',1,15,'0','2020-03-19'),(131,1,'MSD16442','123456','Pankaj Kumar Lodhi',27,7,2,'2019-01-17','MPPKVVCL',1,2,'1','2020-06-01'),(132,1,'MSD16975','123456','Bhavesh Jaishinghai',27,7,1,'2019-03-15','MPPKVVCL',1,8,'1','2020-06-03'),(133,1,'MSD16989','123456','Rishabh Kushwaha',13,7,1,'2019-03-15','MPPKVVCL',1,8,'0','2020-04-15'),(134,1,'MSD16618','123456','Vikki Yadav',27,7,2,'2019-02-08','MPPKVVCL',1,4,'1','2020-06-04'),(135,1,'MSD18714','123456','Kuldeep Prajapati',13,7,2,'2019-08-07','MPPKVVCL',1,15,'1','2020-06-03'),(136,1,'MSD16984','123456','Deepak Mehra',19,7,2,'2019-03-16','MPPKVVCL',1,8,'1','2020-06-02'),(137,1,'MSD17343','123456','Ravi Yadav',15,10,1,'2019-05-08','MPPKVVCL',1,11,'0','2020-03-07'),(138,1,'MSD16615','123456','Shyamu Kachi',16,6,2,'2019-02-09','MPPKVVCL',1,4,'1','2020-06-02'),(139,1,'MSD16548','123456','Amit Shrivas',27,7,2,'2019-01-31','MPPKVVCL',1,3,'1','2020-05-31'),(140,1,'MSD17577','123456','Vicky Patel',14,6,1,'2019-06-07','MPPKVVCL',1,13,'0','2019-11-19'),(141,1,'MSD16977','123456','Vikas Mehra',16,7,1,'2019-03-15','MPPKVVCL',1,8,'0','2020-02-03'),(142,1,'MSD16973','123456','Deepanshu Chouksay',27,7,1,'2019-03-15','MPPKVVCL',1,8,'1','2020-06-04'),(143,1,'MSD17601','123456','Denzil Gregory',16,7,1,'2019-06-07','MPPKVVCL',1,13,'0','0000-00-00'),(144,1,'MSD16882','123456','Naresh Lodhi',15,7,2,'2019-03-02','MPPKVVCL',1,7,'1','2020-06-03'),(145,1,'MSD16539','123456','Aditya Kurmi',18,6,2,'2019-01-31','MPPKVVCL',1,3,'0','2020-01-21'),(146,1,'MSD16761','123456','Akash Bagri',16,6,1,'2019-02-23','MPPKVVCL',1,6,'1','2020-06-03'),(147,1,'MSD16983','123456','Amit Sen',16,7,2,'2019-03-15','MPPKVVCL',1,8,'0','2020-03-20'),(148,1,'MSD16701','123456','Anurag Vishwakarma',15,7,2,'2019-02-15','MPPKVVCL',1,5,'1','2020-06-04'),(149,1,'MSD16877','123456','Radhe shyam Kushwaha',18,6,1,'2019-03-02','MPPKVVCL',1,7,'0','2019-12-17'),(150,1,'MSD16688','123456','Rupesh Chouksey',16,7,1,'2019-02-14','MPPKVVCL',1,5,'0','2019-12-26'),(151,1,'MSD17764','123456','Udit Singh thakur',15,7,2,'2019-06-28','MPPKVVCL',1,14,'1','2020-06-03'),(152,1,'MSD18715','123456','Faizanul haq siddhiq',15,10,2,'2019-08-07','MPPKVVCL',1,15,'0','2020-03-18'),(153,1,'MSD16532','123456','Prince yadav',17,10,2,'2019-01-31','MPPKVVCL',1,3,'0','2020-03-16'),(154,1,'MSD16710','123456','Amit Patel',15,10,2,'2019-02-14','MPPKVVCL',1,5,'0','2020-02-19'),(155,1,'MSD16704','123456','Manoj Dhage',18,7,2,'2019-02-14','MPPKVVCL',1,5,'1','2020-06-04'),(156,1,'MSD16994','123456','Prateek Kumar Dubey',18,7,1,'2019-03-15','MPPKVVCL',1,8,'1','2020-06-03'),(157,1,'MSD17597','123456','Shreekant Burman',15,10,2,'2019-06-07','MPPKVVCL',1,13,'0','2020-02-06'),(158,1,'MSD16533','123456','Vijay Singh Thakur',14,6,2,'2019-01-31','MPPKVVCL',1,3,'1','2020-06-03'),(159,1,'MSD16687','123456','Aizaj Ahmed Ansari',16,7,1,'2019-02-14','MPPKVVCL',1,5,'0','2019-12-26'),(160,1,'MSD16981','123456','Dheeraj Rai',16,7,2,'2019-03-15','MPPKVVCL',1,8,'0','2020-02-29'),(161,1,'MSD16980','123456','Sharad patel',15,7,1,'2019-03-15','MPPKVVCL',1,8,'1','2020-06-03'),(162,1,'MSD17433','123456','Shubham  Kushwaha',13,10,2,'2019-05-20','MPPKVVCL',1,12,'0','2020-05-03'),(163,1,'MSD15881','123456','Umesh Ahirwar',15,7,2,'2018-10-11','MPPKVVCL',1,1,'1','2020-06-04'),(164,1,'MSD16708','123456','Abhishek Rajpoot',14,6,2,'2019-02-14','MPPKVVCL',1,5,'1','2020-06-03'),(165,1,'MSD17344','123456','Neelesh Singh Rajput',16,6,2,'2019-05-08','MPPKVVCL',1,11,'1','2020-06-04'),(166,1,'MSD16691','123456','Anamika Tiwari',28,6,3,'2019-02-14','MPPKVVCL',0,5,'1','2020-06-04'),(167,1,'MSD16894','123456','Rishika Vishwakarma',28,6,3,'2019-03-02','MPPKVVCL',0,7,'1','2020-06-04'),(168,1,'MSD16535','123456','Shivani Vyas',11,6,3,'2019-01-31','MPPKVVCL',0,3,'0','2020-04-24'),(169,1,'MSD15875','123456','Sangeeta Kori',28,6,3,'2018-10-11','MPPKVVCL',0,1,'1','2020-06-03'),(170,1,'MSD16446','123456','Poonam Nath',28,6,3,'2019-01-17','MPPKVVCL',0,2,'1','2020-06-04'),(171,1,'MSD16562','123456','Sugandha Thakur',28,6,3,'2019-01-31','MPPKVVCL',0,3,'1','2020-06-04'),(172,1,'MSD16554','123456','Ankita Choudhary',11,10,3,'2019-01-31','MPPKVVCL',0,3,'0','2020-05-02'),(173,1,'MSD16689','123456','Kanchan Vishwakarma',28,6,3,'2019-02-14','MPPKVVCL',0,5,'1','2020-06-04'),(174,1,'MSD16692','123456','Kanchan Mishra',11,7,3,'2019-02-14','MPPKVVCL',0,5,'0','2020-04-18'),(175,1,'MSD16719','123456','Khushboo Yadav',28,6,3,'2019-02-14','MPPKVVCL',0,5,'1','2020-06-03'),(176,1,'MSD16531','123456','Nidhi Vishwakarma',12,10,3,'2019-01-31','MPPKVVCL',0,3,'0','2020-03-16'),(177,1,'MSD16721','123456','Poorvi Bajpai',12,10,3,'2019-02-14','MPPKVVCL',0,5,'0','2020-01-05'),(178,1,'MSD17326','123456','Lekha Yadav',28,6,3,'2019-05-08','MPPKVVCL',0,11,'1','2020-06-04'),(179,1,'MSD17327','123456','Roshni Kachhi',28,6,3,'2019-05-08','MPPKVVCL',0,11,'1','2020-06-04'),(180,1,'MSD17328','123456','Khushbu Dahayat',28,6,3,'2019-05-08','MPPKVVCL',0,11,'1','2020-06-04'),(181,1,'MSD17330','123456','Reetu Sahu',28,6,3,'2019-05-08','MPPKVVCL',0,11,'1','2020-06-04'),(182,1,'MSD17331','123456','Madhuri Rajput',28,6,3,'2019-05-08','MPPKVVCL',0,11,'1','2020-06-04'),(183,1,'MSD17455','123456','Sahiba Qureshi',11,7,3,'2019-05-20','MPPKVVCL',0,12,'0','2020-03-19'),(184,1,'MSD16624','123456','Shraddha Namdeo',11,7,3,'2019-02-09','MPPKVVCL',0,4,'0','2020-02-29'),(185,1,'MSD17566','123456','Megha Patkar',28,6,3,'2019-06-07','MPPKVVCL',0,13,'1','2020-06-04'),(186,1,'MSD17589','123456','Chandani Ansari',28,6,3,'2019-06-07','MPPKVVCL',0,13,'1','2020-06-02'),(187,1,'MSD18719','123456','Nidhi Barman',11,10,3,'2019-08-07','MPPKVVCL',0,15,'0','2020-03-18'),(188,1,'MSD16862','123456','Adil Ahmed',14,6,1,'2019-03-03','MPPKVVCL',1,7,'1','2020-06-03'),(189,1,'MSD15880','123456','Ajay Kushwah',13,7,2,'2018-10-11','MPPKVVCL',1,1,'1','2020-06-03'),(190,1,'MSD16534','123456','Arjun Singh Thakur',19,7,2,'2019-01-31','MPPKVVCL',1,3,'1','2020-06-03'),(191,1,'MSD16572','123456','Bhupendra Singh Thak',13,10,2,'2019-01-31','MPPKVVCL',1,3,'0','2020-04-26'),(192,1,'MSD16771','123456','Hritik Yadav',14,6,2,'2019-02-22','MPPKVVCL',1,6,'0','2019-10-23'),(193,1,'MSD16522','123456','Manish Kumar Jhariya',15,7,2,'2019-02-01','MPPKVVCL',1,3,'1','2020-06-03'),(194,1,'MSD15893','123456','Mo. Sameer Khan',13,7,2,'2018-10-14','MPPKVVCL',1,1,'1','2020-06-03'),(195,1,'MSD17752','123456','Paras Tripathi',14,6,2,'2019-06-28','MPPKVVCL',1,14,'0','2020-02-29'),(196,1,'MSD17341','123456','Pravesh Katare',13,10,2,'2019-05-08','MPPKVVCL',1,11,'0','2020-03-17'),(197,1,'MSD17449','123456','Rahul Soni',15,10,2,'2019-05-20','MPPKVVCL',1,12,'0','0000-00-00'),(198,1,'MSD15891','123456','Rishab Patel',13,7,1,'2018-10-14','MPPKVVCL',1,1,'1','2020-06-03'),(199,1,'MSD16569','123456','Rohit Dwevidi',19,7,2,'2019-01-31','MPPKVVCL',1,3,'1','2020-06-03'),(200,1,'MSD16898','123456','Satish Kumar Ben',16,6,2,'2019-03-02','MPPKVVCL',1,7,'1','2020-06-03'),(201,1,'MSD17751','123456','Shivam Garhate',14,6,2,'2019-06-28','MPPKVVCL',1,14,'0','2019-11-11'),(202,1,'MSD16560','123456','Shubham Kumar',14,6,2,'2019-01-31','MPPKVVCL',1,3,'1','2020-06-03'),(203,1,'MSD16559','123456','Vivek kumar',14,6,2,'2019-01-31','MPPKVVCL',1,3,'0','2020-03-19'),(204,1,'MSD15886','123456','Rajeev Yadav',15,7,2,'2018-10-11','MPPKVVCL',1,1,'1','2020-06-03'),(205,1,'MSD15885','123456','Shiril soni',27,7,2,'2018-10-11','MPPKVVCL',1,1,'1','2020-06-03'),(206,1,'MSD15814','123456','Vishal kumar',13,7,2,'2018-10-11','MPPKVVCL',1,1,'1','2020-06-04'),(207,1,'MSD16788','123456','Anuj Kumar Lodhi',13,7,1,'2019-02-22','MPPKVVCL',1,6,'1','2020-06-02'),(208,1,'MSD17453','123456','Arbaj Kureshi',15,10,2,'2019-05-20','MPPKVVCL',1,12,'0','0000-00-00'),(209,1,'MSD17580','123456','Kapil Sahu',16,6,1,'2019-06-07','MPPKVVCL',1,13,'1','2020-06-03'),(210,1,'MSD17578','123456','Pawan Dehariya',17,10,2,'2019-06-07','MPPKVVCL',1,13,'0','2020-04-08'),(211,1,'MSD16455','123456','Shivam Kumar Soni',27,7,2,'2019-01-17','MPPKVVCL',1,2,'0','2020-03-08'),(212,1,'MSD18706','123456','Shyam singh',14,6,2,'2019-08-08','MPPKVVCL',1,15,'0','2020-03-24'),(213,1,'MSD17753','123456','Aman Vishwakarma',14,6,2,'2019-06-28','MPPKVVCL',1,14,'0','2020-02-11'),(214,1,'MSD17750','123456','Ankit Mehra',14,6,2,'2019-06-28','MPPKVVCL',1,14,'0','2020-04-15'),(215,1,'MSD16610','123456','Awdhesh Singh Rajput',13,7,2,'2019-02-08','MPPKVVCL',1,4,'0','2019-12-30'),(216,1,'MSD17755','123456','Dinesh Patel',27,7,2,'2019-06-28','MPPKVVCL',1,14,'1','2020-05-31'),(217,1,'MSD17746','123456','Harsh yadav',13,7,1,'2019-06-28','MPPKVVCL',1,14,'0','2020-05-01'),(218,1,'MSD15876','123456','Sachin Rao',14,6,2,'2018-10-11','MPPKVVCL',1,1,'1','2020-06-03'),(219,1,'MSD17757','123456','Sahil singh thakur',15,7,2,'2019-06-28','MPPKVVCL',1,14,'1','2020-06-03'),(220,1,'MSD17756','123456','Satyam sen',15,10,2,'2019-06-28','MPPKVVCL',1,14,'0','2020-03-12'),(221,1,'MSD16776','123456','Shresht Gupta',18,6,2,'2019-02-23','MPPKVVCL',1,6,'0','2020-03-14'),(222,1,'MSD16538','123456','Siddhart Pandey',15,7,2,'2019-01-31','MPPKVVCL',1,3,'1','2020-05-30'),(223,1,'MSD16786','123456','Vikas patel',16,6,1,'2019-02-22','MPPKVVCL',1,6,'1','2020-06-04'),(224,1,'MSD18694','123456','Shivam Kachi',18,7,2,'2019-08-07','MPPKVVCL',1,15,'0','2020-04-23'),(225,1,'MSD18701','123456','Chand Prasad Kol',14,6,1,'2019-08-07','MPPKVVCL',1,15,'1','2020-06-04'),(226,1,'MSD18717','123456','Ashish Gupta',16,6,1,'2019-08-07','MPPKVVCL',1,15,'1','2020-06-03'),(227,1,'MSD18697','123456','Shumanshu thool',13,7,2,'2019-08-08','MPPKVVCL',1,15,'0','2020-03-06'),(228,1,'MSD17452','123456','Samagra Patel',13,7,1,'2019-05-20','MPPKVVCL',1,12,'0','0000-00-00'),(229,1,'MSD16557','123456','Gourav Shukla',16,6,1,'2019-01-31','MPPKVVCL',1,3,'1','2020-06-02'),(230,1,'MSD16777','123456','Deepak Patel',13,7,1,'2019-02-22','MPPKVVCL',1,6,'0','2020-05-03'),(231,1,'MSD16783','123456','Sameer Tiwari',13,7,2,'2019-02-22','MPPKVVCL',1,6,'0','0000-00-00'),(232,1,'MSD18693','123456','Rohit Kumar Yadav',19,6,1,'2019-08-07','MPPKVVCL',1,15,'0','2020-04-07'),(233,1,'MSD18713','123456','Raja Prajapati',14,6,1,'2019-08-07','MPPKVVCL',1,15,'1','2020-06-03'),(234,1,'MSD16631','123456','Hemant Kashyap',17,6,1,'2019-02-08','MPPKVVCL',1,4,'0','2020-03-06'),(235,1,'MSD15804','123456','Peter Damion Reddy',16,7,1,'2018-10-11','MPPKVVCL',1,1,'0','2019-12-07'),(236,1,'MSD16861','123456','Ziyaul Hasan',14,6,1,'2019-03-02','MPPKVVCL',1,7,'1','2020-06-03'),(237,1,'MSD16630','123456','Kapil Verma',14,6,1,'2019-02-08','MPPKVVCL',1,4,'1','2020-05-30'),(238,1,'MSD18970','123456','Arti Raikwar',24,6,3,'2019-08-29','MPPKVVCL',0,16,'1','2020-06-04'),(239,1,'MSD18985','123456','Neha Rathore',24,6,3,'2019-08-29','MPPKVVCL',0,16,'1','2020-06-04'),(240,1,'MSD18999','123456','Pooja Namdeo',24,6,3,'2019-08-29','MPPKVVCL',0,16,'1','2020-06-04'),(241,1,'MSD18998','123456','Ashish Dubey',19,6,2,'2019-08-29','MPPKVVCL',1,16,'0','2020-03-15'),(242,1,'MSD19000','123456','Akash Jain',19,6,2,'2019-08-29','MPPKVVCL',1,16,'0','2020-01-05'),(243,1,'MSD18956','123456','Shubham Chaturvedi',27,7,2,'2019-08-29','MPPKVVCL',1,16,'1','2020-06-03'),(244,1,'MSD18964','123456','Bhanu Pratap Singh',19,6,2,'2019-08-29','MPPKVVCL',1,16,'0','2020-05-01'),(245,1,'MSD18963','123456','Shashank Saha',16,6,2,'2019-08-29','MPPKVVCL',1,16,'1','2020-06-03'),(246,1,'MSD18966','123456','Uma Prajapati',11,7,3,'2019-08-29','MPPKVVCL',0,16,'0','2020-05-01'),(247,1,'MSD17070','123456','Ankita  Patel',28,6,3,'2019-03-27','MPPKVVCL',0,9,'1','2020-06-04'),(248,1,'MSD17001','123456','Pooja Dubey',24,6,3,'2019-03-15','MPPKVVCL',0,8,'1','2020-06-03'),(249,1,'MSD18978','123456','Sahil Vishwakarma',16,6,2,'2019-08-29','MPPKVVCL',1,16,'1','2020-06-03'),(250,1,'MSD18979','123456','Rohit Kushwaha',17,6,1,'2019-08-29','MPPKVVCL',1,16,'0','2020-04-24'),(251,1,'MSD18987','123456','sohan lal kurmi',27,7,2,'2019-08-29','MPPKVVCL',1,16,'1','2020-06-03'),(252,1,'MSD18983','123456','Pranjal Sondhiya',18,7,2,'2019-08-29','MPPKVVCL',1,16,'1','2020-06-03'),(253,1,'MSD18980','123456','Shekhar thakur',16,6,2,'2019-08-29','MPPKVVCL',1,16,'1','2020-06-03'),(254,1,'MSD18992','123456','Virendra Singh',14,6,2,'2019-08-29','MPPKVVCL',1,16,'0','2020-02-21'),(255,1,'MSD18991','123456','Bhupendra Jhariya',13,7,2,'2019-08-29','MPPKVVCL',1,16,'0','2020-01-05'),(256,1,'MSD18971','123456','Abhishek Nandan Bari',14,6,1,'2019-08-29','MPPKVVCL',1,16,'0','2020-05-02'),(257,1,'MSD18967','123456','Neetu Kushwaha',28,6,3,'2019-08-29','MPPKVVCL',1,16,'1','2020-06-03'),(258,1,'MSD18974','123456','Theophil Vijjayalal',15,7,2,'2019-08-29','MPPKVVCL',1,16,'1','2020-06-03'),(259,1,'MSD18958','123456','Shubham Kumar Lodhi',19,7,2,'2019-08-29','MPPKVVCL',1,16,'1','2020-06-03'),(260,1,'MSD18969','123456','Hrishabh Barman',18,7,2,'2019-08-29','MPPKVVCL',1,16,'1','2020-06-03'),(261,1,'MSD18976','123456','vikas Mehra',16,6,1,'2019-08-29','MPPKVVCL',1,16,'1','2020-05-27'),(262,1,'MSD18972','123456','Dwarka Netam',14,6,2,'2019-08-29','MPPKVVCL',1,16,'0','2020-05-01'),(263,1,'MSD18994','123456','Sonu yadav',18,7,2,'2019-08-29','MPPKVVCL',1,16,'1','2020-06-03'),(265,1,'MSD18961','123456','Neha Raikwar',12,10,3,'2019-08-29','MPPKVVCL',0,16,'0','2020-05-01'),(267,1,'MSD18984','123456','Gulshan Mahobiya',14,6,2,'2019-08-29','MPPKVVCL',1,16,'1','2020-06-03'),(268,1,'MSD18977','123456','Aniket Jhariya',14,6,1,'2019-08-29','MPPKVVCL',1,16,'1','2020-05-04'),(269,1,'MSD18959','123456','Satish Kumar Lodhi',16,6,2,'2019-08-29','MPPKVVCL',1,16,'0','2020-05-04'),(270,1,'MSD18968','123456','Abhimanyu Patel',16,7,1,'2019-08-29','MPPKVVCL',1,16,'0','2020-05-01'),(271,1,'MSD18960','123456','Keerti Barman',12,6,3,'2019-08-21','MPPKVVCL',0,16,'1','2020-06-04'),(272,1,'MSD18962','123456','Kritika Kale',12,6,3,'2019-08-21','MPPKVVCL',0,16,'1','2020-06-03'),(273,1,'MSD18997','123456','Pankaj Shrivastava',13,10,2,'2019-08-21','MPPKVVCL',0,16,'0','2020-05-02'),(274,1,'MSD18957','123456','Rahul Patel',14,6,2,'2019-08-29','MPPKVVCL',1,16,'1','2020-06-04'),(275,1,'MSD19516','123456','Siddhart Arse',27,7,2,'2019-10-02','MPPKVVCL',1,17,'1','2020-06-03'),(276,1,'MSD19524','123456','Manish Goswami',17,7,2,'2019-10-02','MPPKVVCL',1,17,'0','2020-04-06'),(277,1,'MSD19526','123456','Abhishek Maravi',14,6,2,'2019-10-02','MPPKVVCL',1,17,'1','2020-06-03'),(278,1,'MSD19527','123456','Vikas Kumar choudhary',16,7,1,'2019-10-02','MPPKVVCL',1,17,'0','2020-04-06'),(279,1,'MSD19529','123456','Mayank Sen',14,6,1,'2019-10-02','MPPKVVCL',1,17,'1','2020-06-04'),(280,1,'MSD19530','123456','Waqar Hussain',16,7,1,'2019-10-02','MPPKVVCL',1,17,'0','2020-04-06'),(281,1,'MSD19533','123456','Prinsh Kumar Kushwaha',27,7,1,'2019-10-02','MPPKVVCL',1,17,'1','2020-06-04'),(282,1,'MSD19547','123456','Adarsh Gontiya',16,7,1,'2019-10-02','MPPKVVCL',1,17,'0','2020-04-21'),(283,1,'MSD19548','123456','Rohit Sahu',13,7,1,'2019-10-02','MPPKVVCL',1,17,'0','2020-03-08'),(284,1,'MSD19549','123456','Neeraj choudhary',27,7,2,'2019-10-02','MPPKVVCL',1,17,'1','2020-06-03'),(285,1,'MSD19534','123456','Hitendra Kori',14,10,2,'2019-10-02','MPPKVVCL',1,17,'0','2020-04-06'),(286,1,'MSD19536','123456','Shubham Patel',15,10,2,'2019-10-02','MPPKVVCL',1,17,'0','2020-04-20'),(287,1,'MSD19537','123456','Guddu Patel',14,6,2,'2019-10-02','MPPKVVCL',1,17,'1','2020-05-31'),(288,1,'MSD19538','123456','Rahul Kushwaha',15,7,2,'2019-10-02','MPPKVVCL',1,17,'1','2020-06-03'),(289,1,'MSD19540','123456','Ankit Kanojiya',15,7,2,'2019-10-02','MPPKVVCL',1,17,'1','2020-06-04'),(290,1,'MSD19551','123456','Lalit Katare',19,6,2,'2019-10-02','MPPKVVCL',1,17,'0','2020-03-12'),(291,1,'MSD19555','123456','Shekh Javeer',16,10,1,'2019-10-02','MPPKVVCL',1,17,'0','2020-05-02'),(292,1,'MSD19556','123456','Aspak Kuraishi',14,6,2,'2019-10-02','MPPKVVCL',1,17,'0','2020-05-03'),(293,1,'MSD19557','123456','Vijay Rajput',15,7,2,'2019-10-02','MPPKVVCL',1,17,'1','2020-06-03'),(294,1,'MSD19519','123456','Shweta Kushwaha',12,6,3,'2019-10-02','MPPKVVCL',1,17,'1','2020-06-03'),(295,1,'MSD19732','123456','Lazmi Vishwakarama',28,6,3,'2019-10-29','MPPKVVCL',0,18,'1','2020-06-04'),(296,1,'MSD19739','123456','Pooja Jhariya',28,6,3,'2019-10-29','MPPKVVCL',0,18,'1','2020-06-04'),(297,1,'MSD19734','123456','Neha Ahirwar',24,6,3,'2019-10-29','MPPKVVCL',0,18,'1','2020-06-04'),(298,1,'MSD19726','123456','Priya Vishwakarma',12,6,3,'2019-10-29','MPPKVVCL',0,18,'1','2020-06-03'),(299,1,'MSD19733','123456','Pooja Sharma',12,6,3,'2019-10-29','MPPKVVCL',0,18,'1','2020-06-04'),(300,1,'MSD19724','123456','Bandhan Khare',18,6,2,'2019-11-05','MPPKVVCL',1,18,'0','2020-04-23'),(301,1,'MSD19716','123456','Aniket Haldkar',19,7,1,'2019-11-05','MPPKVVCL',1,18,'1','2020-06-03'),(302,1,'MSD19715','123456','Montu Ahirwar',19,7,1,'2019-11-05','MPPKVVCL',1,18,'1','2020-06-03'),(303,1,'MSD19719','123456','Mohd.Yash Khan',18,7,2,'2019-11-05','MPPKVVCL',1,18,'0','2020-04-06'),(306,1,'MSD19729','123456','Sunny Nath',19,6,2,'2019-11-06','MPPKVVCL',1,18,'0','2020-04-06'),(307,1,'MSD19730','123456','Keshav Prasad chadar',19,7,2,'2019-11-06','MPPKVVCL',1,18,'0','2020-04-23'),(308,1,'MSD19731','123456','Neeraj Chadar',19,7,1,'2019-11-06','MPPKVVCL',1,18,'0','2020-04-06'),(309,1,'MSD19747','123456','Shubham Sondiya',19,6,2,'2019-11-07','MPPKVVCL',1,18,'0','2020-04-30'),(310,1,'MSD19745','123456','Shekh ramjan',19,6,2,'2019-11-06','MPPKVVCL',1,18,'0','2020-02-21'),(313,1,'MSD19717','123456','Chandrasen Taikar',18,6,2,'2019-11-06','MPPKVVCL',1,18,'0','2020-04-06'),(314,1,'MSD19718','123456','Rishi Raj Singh',18,6,2,'2019-11-06','MPPKVVCL',1,18,'0','2020-03-15'),(315,1,'MSD19720','123456','Ajay Bairagi',18,7,1,'2019-11-06','MPPKVVCL',1,18,'1','2020-06-04'),(316,1,'MSD19750','123456','Rahul choudhary',18,7,1,'2019-11-06','MPPKVVCL',1,18,'1','2020-06-04'),(317,1,'MSD19738','123456','Atul Yadav',14,10,2,'2019-11-06','MPPKVVCL',1,18,'0','2020-04-06'),(318,1,'MSD19741','123456','Ramsharan singh',13,10,2,'2019-11-06','MPPKVVCL',1,18,'0','2020-03-26'),(319,1,'MSD19744','123456','Rahul mahatma',15,7,2,'2019-11-06','MPPKVVCL',1,18,'1','2020-06-03'),(320,1,'MSD19748','123456','Ratnesh Singh',14,6,2,'2019-11-06','MPPKVVCL',1,18,'0','2020-04-30'),(321,1,'MSD19721','123456','B.Shankar Barman',15,7,2,'2019-11-06','MPPKVVCL',1,18,'0','2020-04-30'),(322,1,'MSD19722','123456','Mohit choudhary',15,10,2,'2019-11-06','MPPKVVCL',1,18,'0','2020-04-23'),(323,1,'MSD19727','123456','Vikram Singh',15,6,2,'2019-11-06','MPPKVVCL',1,18,'0','2020-04-23'),(324,1,'MSD19746','123456','Tarun Rao',15,6,2,'2019-11-06','MPPKVVCL',1,18,'0','2020-04-30'),(325,1,'MSD19725','123456','Ragini Thakur',28,6,3,'2019-10-29','MPPKVVCL',0,18,'1','2020-06-04'),(326,1,'MSD19743','123456','Priya Barman',11,10,3,'2019-10-29','MPPKVVCL',0,18,'0','2020-02-21'),(327,1,'MSD19944','123456','Vikas Kumar Vaishya',16,6,2,'2019-12-24','MPPKVVCL',1,19,'1','2020-06-03'),(328,1,'MSD19945','123456','Mayank Sarathe',19,6,2,'2019-11-24','MPPKVVCL',1,19,'0','2020-04-16'),(329,1,'MSD19947','123456','Shubham Mishra',19,7,2,'2019-11-24','MPPKVVCL',1,19,'1','2020-06-03'),(330,1,'MSD19948','123456','Himanshu Naidu',19,7,2,'2019-11-24','MPPKVVCL',1,19,'1','2020-06-03'),(331,1,'MSD19951','123456','Shivank Pandey',19,7,2,'2019-11-24','MPPKVVCL',1,19,'1','2020-06-04'),(332,1,'MSD19952','123456','Chanpreet Singh Walia',19,10,2,'2019-11-24','MPPKVVCL',1,19,'0','2020-05-02'),(333,1,'MSD19953','123456','Akash Chadar',19,10,2,'2019-11-24','MPPKVVCL',1,19,'0','2020-05-02'),(334,1,'MSD19954','123456','Ankit Vishwakarma',19,7,1,'2019-11-24','MPPKVVCL',1,19,'1','2020-06-01'),(335,1,'MSD19959','123456','Sourabh Patel',13,7,2,'2019-11-24','MPPKVVCL',1,19,'1','2020-06-03'),(336,1,'MSD19963','123456','Ayush Tiwari',17,10,2,'2019-11-24','MPPKVVCL',1,19,'0','2020-04-28'),(337,1,'MSD19964','123456','Vaibhav Sharma',17,10,2,'2019-11-24','MPPKVVCL',1,19,'0','2020-04-24'),(338,1,'MSD19967','123456','Abhishek Kori',13,7,1,'2019-11-24','MPPKVVCL',1,19,'0','2020-04-17'),(339,1,'MSD19949','123456','Yugraj Haldkar',16,10,1,'2019-11-24','MPPKVVCL',1,19,'0','2020-05-02'),(340,1,'MSD19956','123456','Neeraj Pradhan',19,7,2,'2019-11-24','MPPKVVCL',1,19,'1','2020-06-03'),(341,1,'MSD19957','123456','Ramnarayan Lodhi',13,7,2,'2019-11-24','MPPKVVCL',1,19,'1','2020-06-03'),(342,1,'MSD19958','123456','Atul Ahirwar',13,7,2,'2019-11-24','MPPKVVCL',1,19,'1','2020-06-03'),(343,1,'MSD19960','123456','Aniket Bhagat',15,7,2,'2019-11-24','MPPKVVCL',1,19,'1','2020-06-03'),(344,1,'MSD19962','123456','Ashish Rajput',18,7,2,'2019-11-24','MPPKVVCL',1,19,'0','2020-04-29'),(345,1,'MSD19968','123456','Amar Naidu',19,7,2,'2019-11-24','MPPKVVCL',1,19,'1','2020-06-03'),(346,1,'MSD19969','123456','Sanju Dhanak',13,7,1,'2019-11-24','MPPKVVCL',1,19,'1','2020-06-03'),(347,1,'MSD19974','123456','Yagblik Shripal',18,7,1,'2019-11-24','MPPKVVCL',1,19,'1','2020-06-02'),(348,1,'MSD19976','123456','Swapnil Jhariya',14,10,1,'2019-11-24','MPPKVVCL',1,19,'0','2020-04-30'),(349,1,'MSD19955','123456','Gourav Jain',18,7,2,'2019-12-03','MPPKVVCL',1,19,'1','2020-06-03'),(350,1,'MSD20230','123456','Kanchan Mishra',28,6,3,'2020-01-13','MPPKVVCL',0,20,'1','2020-06-03'),(351,1,'MSD20229','123456','Nidhi Vishwakarma',24,6,3,'2020-01-13','MPPKVVCL',0,20,'1','2020-06-03'),(354,1,'MSD20259','123456','Vedant Dubey',14,6,2,'2020-01-18','MPPKVVCL',1,20,'0','2020-05-02'),(355,1,'MSD20260','123456','Shravan Yadav',13,7,2,'2020-01-18','MPPKVVCL',1,20,'1','2020-06-01'),(356,1,'MSD20249','123456','Dhaniram Jaiswal',19,7,2,'2020-01-18','MPPKVVCL',1,20,'1','2020-06-03'),(357,1,'MSD20250','123456','Anand Rao',19,7,2,'2020-01-18','MPPKVVCL',1,20,'0','2020-04-29'),(358,1,'MSD20251','123456','Sharvan Kumar',19,7,1,'2020-01-18','MPPKVVCL',1,20,'1','2020-06-03'),(359,1,'MSD20255','123456','Umashankar Banjara',18,7,2,'2020-01-18','MPPKVVCL',1,20,'0','2020-04-22'),(360,1,'MSD20256','123456','Jatin Hirwani',18,7,2,'2020-01-18','MPPKVVCL',1,20,'1','2020-06-04'),(361,1,'MSD20257','123456','Prashant raikwar',18,7,1,'2020-01-18','MPPKVVCL',1,20,'1','2020-06-04'),(362,1,'MSD20258','123456','Amit Patel',13,10,2,'2020-01-18','MPPKVVCL',1,20,'0','2020-05-03'),(363,1,'MSD20261','123456','Keshav patel',14,6,2,'2020-01-18','MPPKVVCL',1,20,'1','2020-06-02'),(364,1,'MSD20262','123456','Yashwant Nagesh',14,6,2,'2020-01-18','MPPKVVCL',1,20,'1','2020-06-02'),(365,1,'MSD20263','123456','Abhijeet soni',16,6,2,'2020-01-18','MPPKVVCL',1,20,'0','2020-04-22'),(366,1,'MSD20264','123456','Sourabh Patel',15,7,2,'2020-01-18','MPPKVVCL',1,20,'1','2020-05-26'),(367,1,'MSD20265','123456','Shahnawaz Ahmed',15,7,2,'2020-01-18','MPPKVVCL',1,20,'0','2020-04-22'),(368,1,'MSD20453','123456','Nihal Varman',27,7,2,'2020-02-08','MPPKVVCL',1,21,'1','2020-06-03'),(369,1,'MSD20454','123456','Mahesh Naidu',27,7,1,'2020-02-08','MPPKVVCL',1,21,'1','2020-06-03'),(370,1,'MSD20455','123456','Arun Sudhakaran',27,7,2,'2020-02-08','MPPKVVCL',1,21,'1','2020-06-04'),(371,1,'MSD20457','123456','Ashish Kesharwani',19,7,3,'2020-02-08','MPPKVVCL',1,21,'1','2020-06-04'),(372,1,'MSD20458','123456','Amit Patel',19,7,2,'2020-02-08','MPPKVVCL',1,21,'1','2020-06-03'),(373,1,'MSD20459','123456','Sajal Jain',14,6,2,'2020-02-08','MPPKVVCL',1,21,'0','2020-04-29'),(374,1,'MSD20460','123456','Priyanka Sen',28,6,3,'2020-02-08','MPPKVVCL',0,21,'1','2020-06-04'),(375,1,'MSD20461','123456','Sonakshi Bhalaway',28,6,3,'2020-02-08','MPPKVVCL',0,21,'1','2020-06-04'),(376,1,'MSD20462','123456','Alka Singh',28,6,3,'2020-02-08','MPPKVVCL',0,21,'1','2020-06-04'),(377,1,'MSD20463','123456','Sourabh Dakha',15,7,1,'2020-02-08','MPPKVVCL',1,21,'1','2020-06-03'),(378,1,'MSD20464','123456','Kartik Kushwaha',15,7,1,'2020-02-08','MPPKVVCL',1,21,'1','2020-06-03'),(379,1,'MSD20466','123456','Virendra Shripal',15,7,2,'2020-02-08','MPPKVVCL',1,21,'0','2020-04-22'),(380,1,'MSD20482','123456','Sunil Choudhary',13,7,2,'2020-02-14','MPPKVVCL',1,22,'1','2020-06-03'),(381,1,'MSD20485','123456','Susheel Kumar Jhariya',27,7,2,'2020-02-14','MPPKVVCL',1,22,'0','2020-05-19'),(382,1,'MSD20486','123456','Shiva Yadav',19,7,2,'2020-02-14','MPPKVVCL',1,22,'0','2020-05-08'),(383,1,'MSD20487','123456','Mohammed Arif',18,7,2,'2020-02-14','MPPKVVCL',1,22,'0','2020-04-18'),(384,1,'MSD20488','123456','Satish Sondhiya',13,10,2,'2020-02-14','MPPKVVCL',1,22,'0','2020-04-18'),(385,1,'MSD20489','123456','Ankit Verma',27,7,2,'2020-02-14','MPPKVVCL',1,22,'1','2020-06-03'),(386,1,'MSD20490','123456','Namo Narayan',19,7,1,'2020-02-14','MPPKVVCL',1,22,'0','2020-05-19'),(387,1,'MSD20491','123456','Amit Sen',18,7,1,'2020-02-14','MPPKVVCL',1,22,'1','2020-06-03'),(388,1,'MSD20492','123456','Ritu Raj Mishra',15,7,2,'2020-02-14','MPPKVVCL',1,22,'1','2020-06-03'),(389,1,'MSD20498','123456','Neetu Sahu',24,6,3,'2020-02-14','MPPKVVCL',0,22,'1','2020-06-04'),(390,1,'MSD20495','123456','Rakesh Prajapati',15,7,2,'2020-02-14','MPPKVVCL',1,22,'1','2020-06-03'),(391,1,'MSD20496','123456','Shivani Vishwakarma',28,6,3,'2020-02-14','MPPKVVCL',0,22,'0','2020-04-26'),(392,1,'MSD20723','123456','Jeetanshu Chouksey',19,7,3,'2020-04-09','MPPKVVCL',1,23,'1','2020-06-04'),(393,1,'MSD20724','123456','Vedant Dubey',13,7,2,'2020-04-09','MPPKVVCL',1,23,'1','2020-06-02'),(394,1,'MSD20725','123456','Abhimanyu Patel',13,7,2,'2020-04-09','MPPKVVCL',1,23,'1','2020-06-03'),(395,1,'MSD20726','123456','Naman Chouksey',13,7,1,'2020-04-09','MPPKVVCL',1,23,'1','2020-05-31'),(396,1,'MSD20727','123456','Nishat Pathak',18,7,2,'2020-04-09','MPPKVVCL',1,23,'1','2020-06-02'),(397,1,'MSD20728','123456','Ram Chakravarti',15,7,2,'2020-04-09','MPPKVVCL',1,23,'1','2020-05-30'),(398,1,'MSD20769','123456','Khushbu Patel',12,6,3,'2020-05-22','MPPKVVCL',0,24,'1','2020-06-04'),(399,1,'MSD20770','123456','Rupesh Chouksey',19,7,2,'2020-05-22','MPPKVVCL',1,24,'1','2020-06-04'),(400,1,'MSD20771','123456','Atul Rajak',13,7,2,'2020-05-22','MPPKVVCL',1,24,'1','2020-06-04'),(401,1,'MSD20772','123456','Shivam Banjara',13,7,2,'2020-05-22','MPPKVVCL',1,24,'1','2020-06-02'),(402,1,'MSD20773','123456','Shivendra Nanhet',19,7,2,'2052-02-22','MPPKVVCL',1,24,'1','2020-06-03'),(403,1,'MSD20774','123456','Akash Chadar',19,7,2,'2020-05-22','MPPKVVCL',1,24,'1','2020-06-02'),(405,1,'MSD16852','123456','demo',9,1,3,'2020-06-05','mppkvccl',1,2,'1','0000-00-00'),(406,2,'CMHL1002','123456','Aarti kushwaha',59,53,3,'2020-06-12','CMHL',1,1,'1','2020-06-13'),(407,2,'CMHL1003','123456','Aashu Meena',57,53,3,'2020-01-01','CMHL',1,2,'1','0000-00-00'),(408,3,'NIYO258','123456','sunil',61,62,3,'2020-07-10','NIYO',1,1,'1','0000-00-00');
/*!40000 ALTER TABLE `agents` ENABLE KEYS */;
UNLOCK TABLES;

--
-- Table structure for table `assign`
--

DROP TABLE IF EXISTS `assign`;
/*!40101 SET @saved_cs_client     = @@character_set_client */;
/*!40101 SET character_set_client = utf8 */;
CREATE TABLE `assign` (
  `id` int(11) NOT NULL AUTO_INCREMENT,
  `employee_id_TL` int(11) NOT NULL,
  `employee_id_AM` int(11) NOT NULL,
  `agents_id` int(11) NOT NULL,
  `date` date NOT NULL,
  `status` enum('0','1') NOT NULL,
  PRIMARY KEY (`id`)
) ENGINE=InnoDB AUTO_INCREMENT=530 DEFAULT CHARSET=utf8;
/*!40101 SET character_set_client = @saved_cs_client */;

--
-- Dumping data for table `assign`
--

LOCK TABLES `assign` WRITE;
/*!40000 ALTER TABLE `assign` DISABLE KEYS */;
INSERT INTO `assign` VALUES (1,1,1,1,'2019-08-24','1'),(2,5,10,238,'2019-09-02','0'),(3,5,10,239,'2019-09-02','0'),(4,5,10,240,'2019-09-02','0'),(5,19,6,241,'2019-09-02','1'),(6,19,6,242,'2019-09-02','1'),(7,19,10,243,'2019-09-02','0'),(8,19,6,244,'2019-09-02','1'),(9,19,6,245,'2019-09-02','0'),(10,12,6,246,'2019-09-02','0'),(11,11,10,247,'2019-09-02','0'),(12,5,10,248,'2019-09-02','0'),(13,15,7,249,'2019-09-03','0'),(14,15,7,250,'2019-09-03','0'),(15,13,7,251,'2019-09-06','0'),(16,18,6,252,'2019-09-06','1'),(17,15,7,253,'2019-09-06','0'),(18,13,7,254,'2019-09-06','1'),(19,13,7,255,'2019-09-06','1'),(20,14,6,256,'2019-09-07','1'),(21,11,10,257,'2019-09-07','0'),(22,16,7,258,'2019-09-07','0'),(23,17,7,259,'2019-09-07','0'),(24,14,6,260,'2019-09-08','0'),(25,16,7,261,'2019-09-08','0'),(26,14,6,262,'2019-09-08','1'),(27,18,6,263,'2019-09-09','1'),(28,18,6,264,'2019-09-09','1'),(29,12,10,265,'2019-09-09','1'),(30,18,6,266,'2019-09-09','1'),(31,18,6,267,'2019-09-09','0'),(32,16,7,268,'2019-09-09','0'),(33,17,7,269,'2019-09-09','0'),(34,14,6,270,'2019-09-09','1'),(35,12,10,271,'2019-09-10','0'),(36,12,10,272,'2019-09-10','0'),(37,18,6,273,'2019-09-10','0'),(38,17,7,274,'2019-09-11','0'),(39,15,7,250,'2019-09-29','0'),(40,17,10,275,'2019-10-12','0'),(41,17,10,276,'2019-10-12','1'),(42,17,10,277,'2019-10-12','0'),(43,17,10,278,'2019-10-12','0'),(44,17,10,279,'2019-10-12','0'),(45,16,10,280,'2019-10-12','0'),(46,16,10,281,'2019-10-12','0'),(47,15,10,282,'2019-10-12','1'),(48,13,10,283,'2019-10-12','1'),(49,17,10,284,'2019-10-12','0'),(50,14,6,285,'2019-10-12','0'),(51,14,6,286,'2019-10-12','0'),(52,14,6,287,'2019-10-12','0'),(53,14,6,288,'2019-10-12','0'),(54,14,6,289,'2019-10-12','0'),(55,19,6,290,'2019-10-12','1'),(56,19,6,291,'2019-10-12','0'),(57,19,6,292,'2019-10-12','1'),(58,14,6,293,'2019-10-12','0'),(59,12,7,294,'2019-10-12','0'),(60,11,10,295,'2019-11-06','0'),(61,11,10,296,'2019-11-06','0'),(62,24,10,297,'2019-11-06','0'),(63,12,10,298,'2019-11-06','0'),(64,12,10,299,'2019-11-06','0'),(65,18,6,300,'2019-11-07','0'),(66,19,6,301,'2019-11-07','0'),(67,19,6,302,'2019-11-07','1'),(68,18,6,303,'2019-11-07','0'),(69,19,6,304,'2019-11-08','1'),(70,19,6,305,'2019-11-08','1'),(71,19,6,306,'2019-11-08','1'),(72,19,6,307,'2019-11-08','0'),(73,19,6,308,'2019-11-08','0'),(74,19,6,309,'2019-11-08','1'),(75,17,7,310,'2019-11-08','0'),(76,18,6,311,'2019-11-08','1'),(77,18,6,312,'2019-11-08','0'),(78,18,6,313,'2019-11-08','0'),(79,18,6,314,'2019-11-08','1'),(80,18,6,315,'2019-11-08','1'),(81,18,6,316,'2019-11-08','1'),(82,14,6,317,'2019-11-08','0'),(83,14,6,318,'2019-11-08','0'),(84,14,6,319,'2019-11-08','0'),(85,14,6,320,'2019-11-08','1'),(86,15,6,321,'2019-11-08','0'),(87,15,6,322,'2019-11-08','0'),(88,15,6,323,'2019-11-08','1'),(89,15,6,324,'2019-11-08','1'),(90,11,10,325,'2019-11-09','0'),(91,11,10,326,'2019-11-10','1'),(92,12,10,14,'2019-11-16','0'),(93,12,10,13,'2019-11-25','0'),(94,14,7,77,'2019-11-25','0'),(95,19,7,327,'2019-12-03','0'),(96,19,7,328,'2019-12-03','0'),(97,19,7,329,'2019-12-03','0'),(98,19,7,330,'2019-12-03','0'),(99,19,7,331,'2019-12-03','0'),(100,19,7,332,'2019-12-03','0'),(101,19,7,333,'2019-12-03','0'),(102,19,7,334,'2019-12-03','0'),(103,17,10,335,'2019-12-03','0'),(104,17,10,336,'2019-12-03','0'),(105,17,10,337,'2019-12-03','0'),(106,17,10,338,'2019-12-03','0'),(107,19,7,339,'2019-12-03','0'),(108,19,7,340,'2019-12-03','0'),(109,14,7,341,'2019-12-03','0'),(110,14,7,342,'2019-12-03','0'),(111,13,7,343,'2019-12-03','0'),(112,18,7,344,'2019-12-03','0'),(113,19,7,345,'2019-12-03','0'),(114,14,7,346,'2019-12-03','0'),(115,13,7,347,'2019-12-03','1'),(116,18,7,348,'2019-12-03','0'),(117,13,7,349,'2019-12-06','1'),(118,15,10,322,'2019-12-09','0'),(119,15,10,132,'2019-12-20','0'),(120,24,10,61,'2019-12-20','1'),(121,24,10,60,'2019-12-20','1'),(122,17,7,114,'2019-12-20','1'),(123,18,6,46,'2019-12-20','1'),(124,16,7,278,'2019-12-20','1'),(125,13,7,109,'2019-12-20','1'),(126,11,7,350,'2020-01-18','0'),(127,24,7,351,'2020-01-18','0'),(128,11,7,352,'2020-01-18','1'),(129,24,7,353,'2020-01-18','1'),(130,17,6,161,'2020-01-18','0'),(131,17,6,253,'2020-01-18','0'),(132,17,6,78,'2020-01-18','0'),(133,17,6,161,'2020-01-18','0'),(134,17,6,81,'2020-01-18','0'),(135,17,6,229,'2020-01-18','0'),(136,12,6,4,'2020-01-18','0'),(137,14,10,354,'2020-01-27','0'),(138,14,10,355,'2020-01-27','0'),(139,19,10,356,'2020-01-27','0'),(140,19,10,357,'2020-01-27','0'),(141,19,10,358,'2020-01-27','0'),(142,18,6,359,'2020-01-27','0'),(143,18,6,360,'2020-01-27','1'),(144,18,6,361,'2020-01-27','1'),(145,14,10,362,'2020-01-27','0'),(146,14,10,363,'2020-01-27','0'),(147,14,10,364,'2020-01-27','0'),(148,16,10,365,'2020-01-27','0'),(149,15,10,366,'2020-01-27','0'),(150,15,10,367,'2020-01-27','0'),(151,27,7,122,'2020-02-05','1'),(152,19,10,332,'2020-02-05','1'),(153,19,10,333,'2020-02-05','1'),(154,11,7,26,'2020-02-05','1'),(155,11,6,168,'2020-02-05','1'),(156,11,7,246,'2020-02-05','1'),(157,24,6,53,'2020-02-05','1'),(158,27,7,81,'2020-02-05','0'),(159,27,7,42,'2020-02-05','1'),(160,27,7,84,'2020-02-05','0'),(161,27,7,110,'2020-02-05','0'),(162,27,7,112,'2020-02-05','0'),(163,27,7,113,'2020-02-05','1'),(164,27,7,115,'2020-02-05','1'),(165,27,7,132,'2020-02-05','1'),(166,27,7,138,'2020-02-05','1'),(167,27,7,226,'2020-02-05','1'),(168,27,7,229,'2020-02-05','1'),(169,27,7,243,'2020-02-05','1'),(170,27,7,245,'2020-02-05','1'),(171,27,7,249,'2020-02-05','1'),(172,27,7,253,'2020-02-05','1'),(173,27,7,291,'2020-02-05','0'),(174,27,7,339,'2020-02-05','0'),(175,18,6,80,'2020-02-05','1'),(176,18,6,236,'2020-02-05','1'),(177,18,6,260,'2020-02-05','1'),(178,14,6,78,'2020-02-05','1'),(179,14,6,161,'2020-02-05','1'),(180,17,6,130,'2020-02-05','1'),(181,17,6,234,'2020-02-05','1'),(182,17,6,250,'2020-02-05','1'),(183,17,10,336,'2020-02-05','1'),(184,17,10,337,'2020-02-05','1'),(185,27,7,40,'2020-02-05','1'),(186,27,7,108,'2020-02-05','1'),(187,27,7,165,'2020-02-05','1'),(188,13,7,348,'2020-02-05','0'),(189,18,6,145,'2020-02-05','1'),(190,18,6,300,'2020-02-05','1'),(191,18,6,312,'2020-02-05','1'),(192,18,6,313,'2020-02-05','1'),(193,18,7,344,'2020-02-05','1'),(194,27,7,101,'2020-02-05','0'),(195,27,7,134,'2020-02-05','1'),(196,13,7,194,'2020-02-05','1'),(197,13,7,346,'2020-02-05','1'),(198,14,10,83,'2020-02-05','1'),(199,14,10,102,'2020-02-05','1'),(200,14,10,285,'2020-02-05','1'),(201,14,10,317,'2020-02-05','1'),(202,13,7,164,'2020-02-05','1'),(203,13,7,225,'2020-02-05','1'),(204,16,10,118,'2020-02-05','1'),(205,16,7,280,'2020-02-05','1'),(206,16,10,36,'2020-02-05','1'),(207,12,7,25,'2020-02-05','1'),(208,13,7,202,'2020-02-05','1'),(209,15,10,137,'2020-02-05','1'),(210,15,10,157,'2020-02-05','1'),(211,15,10,220,'2020-02-05','1'),(212,15,10,286,'2020-02-05','1'),(213,15,10,322,'2020-02-05','1'),(214,19,6,146,'2020-02-05','1'),(215,18,6,128,'2020-02-05','1'),(216,18,6,200,'2020-02-05','1'),(217,14,6,268,'2020-02-05','0'),(218,16,6,261,'2020-02-05','0'),(219,16,6,275,'2020-02-05','1'),(220,13,6,90,'2020-02-05','1'),(221,19,6,32,'2020-02-05','1'),(222,19,6,99,'2020-02-05','1'),(223,19,6,136,'2020-02-05','1'),(224,19,6,190,'2020-02-05','0'),(225,19,6,199,'2020-02-05','1'),(226,19,6,223,'2020-02-05','1'),(227,19,6,259,'2020-02-05','1'),(228,19,6,301,'2020-02-05','1'),(229,19,6,307,'2020-02-05','0'),(230,19,6,308,'2020-02-05','0'),(231,19,6,310,'2020-02-05','0'),(232,19,6,327,'2020-02-05','1'),(233,19,6,328,'2020-02-05','0'),(234,19,6,329,'2020-02-05','1'),(235,19,6,330,'2020-02-05','1'),(236,19,6,331,'2020-02-05','1'),(237,19,6,334,'2020-02-05','1'),(238,19,6,340,'2020-02-05','1'),(239,19,6,345,'2020-02-05','1'),(240,19,6,356,'2020-02-05','1'),(241,19,6,357,'2020-02-05','0'),(242,19,6,358,'2020-02-05','1'),(243,11,10,27,'2020-02-05','1'),(244,11,10,166,'2020-02-05','1'),(245,11,10,167,'2020-02-05','1'),(246,11,10,169,'2020-02-05','1'),(247,11,10,170,'2020-02-05','1'),(248,11,10,171,'2020-02-05','1'),(249,11,10,172,'2020-02-05','0'),(250,11,10,173,'2020-02-05','1'),(251,11,10,175,'2020-02-05','1'),(252,11,10,178,'2020-02-05','1'),(253,11,10,179,'2020-02-05','0'),(254,11,10,180,'2020-02-05','1'),(255,11,10,181,'2020-02-05','1'),(256,11,10,182,'2020-02-05','1'),(257,11,10,185,'2020-02-05','1'),(258,11,10,186,'2020-02-05','1'),(259,11,10,247,'2020-02-05','1'),(260,11,10,257,'2020-02-05','1'),(261,11,10,295,'2020-02-05','1'),(262,11,10,296,'2020-02-05','1'),(263,11,10,325,'2020-02-05','1'),(264,11,10,350,'2020-02-05','1'),(265,24,10,52,'2020-02-05','1'),(266,24,10,54,'2020-02-05','1'),(267,24,10,55,'2020-02-05','1'),(268,24,10,57,'2020-02-05','1'),(269,24,10,58,'2020-02-05','1'),(270,24,10,59,'2020-02-05','1'),(271,24,10,62,'2020-02-05','1'),(272,24,10,63,'2020-02-05','1'),(273,24,10,64,'2020-02-05','1'),(274,24,10,65,'2020-02-05','1'),(275,24,10,67,'2020-02-05','1'),(276,24,10,68,'2020-02-05','1'),(277,24,10,69,'2020-02-05','1'),(278,24,10,71,'2020-02-05','1'),(279,24,10,72,'2020-02-05','1'),(280,24,10,73,'2020-02-05','1'),(281,24,10,74,'2020-02-05','1'),(282,24,10,75,'2020-02-05','1'),(283,24,10,238,'2020-02-05','1'),(284,24,10,239,'2020-02-05','1'),(285,24,10,240,'2020-02-05','1'),(286,24,10,248,'2020-02-05','1'),(287,24,10,297,'2020-02-05','1'),(288,24,10,351,'2020-02-05','1'),(289,14,6,77,'2020-02-05','1'),(290,14,6,104,'2020-02-05','0'),(291,14,6,119,'2020-02-05','1'),(292,14,6,120,'2020-02-05','1'),(293,14,6,121,'2020-02-05','1'),(294,14,6,162,'2020-02-05','0'),(295,14,6,188,'2020-02-05','1'),(296,14,6,193,'2020-02-05','1'),(297,14,6,196,'2020-02-05','0'),(298,14,6,198,'2020-02-05','1'),(299,14,6,206,'2020-02-05','1'),(300,14,6,318,'2020-02-05','0'),(301,14,6,319,'2020-02-05','0'),(302,14,6,341,'2020-02-05','1'),(303,14,6,342,'2020-02-05','0'),(304,14,6,354,'2020-02-05','0'),(305,14,6,355,'2020-02-05','1'),(306,14,6,362,'2020-02-05','0'),(307,14,6,363,'2020-02-05','1'),(308,14,6,364,'2020-02-05','1'),(309,16,6,35,'2020-02-05','1'),(310,16,6,76,'2020-02-05','0'),(311,16,6,82,'2020-02-05','1'),(312,16,6,92,'2020-02-05','1'),(313,16,6,100,'2020-02-05','1'),(314,16,6,103,'2020-02-05','1'),(315,16,6,123,'2020-02-05','1'),(316,16,6,124,'2020-02-05','1'),(317,16,6,125,'2020-02-05','1'),(318,16,6,131,'2020-02-05','1'),(319,16,6,139,'2020-02-05','1'),(320,16,6,142,'2020-02-05','1'),(321,16,6,205,'2020-02-05','1'),(322,16,6,209,'2020-02-05','1'),(323,16,6,211,'2020-02-05','0'),(324,16,6,216,'2020-02-05','1'),(325,16,6,251,'2020-02-05','1'),(326,16,6,269,'2020-02-05','0'),(327,16,6,281,'2020-02-05','1'),(328,16,6,284,'2020-02-05','1'),(329,16,6,365,'2020-02-05','0'),(330,12,10,2,'2020-02-05','1'),(331,12,10,3,'2020-02-05','1'),(332,12,10,4,'2020-02-05','0'),(333,12,10,5,'2020-02-05','1'),(334,12,10,6,'2020-02-05','1'),(335,12,10,7,'2020-02-05','1'),(336,12,10,8,'2020-02-05','1'),(337,12,10,9,'2020-02-05','0'),(338,12,10,10,'2020-02-05','1'),(339,12,10,11,'2020-02-05','1'),(340,12,10,12,'2020-02-05','1'),(341,12,10,13,'2020-02-05','1'),(342,12,10,14,'2020-02-05','0'),(343,12,10,16,'2020-02-05','1'),(344,12,10,17,'2020-02-05','0'),(345,12,10,18,'2020-02-05','1'),(346,12,10,19,'2020-02-05','1'),(347,12,10,22,'2020-02-05','1'),(348,12,10,23,'2020-02-05','1'),(349,12,10,24,'2020-02-05','1'),(350,12,10,271,'2020-02-05','1'),(351,12,10,272,'2020-02-05','1'),(352,12,10,294,'2020-02-05','1'),(353,12,10,298,'2020-02-05','1'),(354,12,10,299,'2020-02-05','1'),(355,15,7,29,'2020-02-05','0'),(356,15,7,48,'2020-02-05','0'),(357,15,7,116,'2020-02-05','1'),(358,15,7,144,'2020-02-05','1'),(359,15,7,148,'2020-02-05','1'),(360,15,7,151,'2020-02-05','1'),(361,15,7,158,'2020-02-05','1'),(362,15,7,163,'2020-02-05','1'),(363,15,7,204,'2020-02-05','1'),(364,15,7,219,'2020-02-05','1'),(365,15,7,222,'2020-02-05','1'),(366,15,7,237,'2020-02-05','1'),(367,15,7,258,'2020-02-05','0'),(368,15,7,277,'2020-02-05','1'),(369,15,7,287,'2020-02-05','1'),(370,15,7,288,'2020-02-05','1'),(371,15,7,289,'2020-02-05','1'),(372,15,7,293,'2020-02-05','1'),(373,15,7,321,'2020-02-05','0'),(374,15,7,343,'2020-02-05','1'),(375,15,7,366,'2020-02-05','1'),(376,15,7,367,'2020-02-05','0'),(377,13,7,28,'2020-02-05','1'),(378,13,7,37,'2020-02-05','1'),(379,13,7,47,'2020-02-05','1'),(380,13,7,85,'2020-02-05','0'),(381,13,7,107,'2020-02-05','0'),(382,13,7,135,'2020-02-05','1'),(383,13,7,189,'2020-02-05','1'),(384,13,7,191,'2020-02-05','0'),(385,13,7,207,'2020-02-05','1'),(386,13,7,217,'2020-02-05','0'),(387,13,7,218,'2020-02-05','1'),(388,13,7,233,'2020-02-05','0'),(389,13,7,267,'2020-02-05','1'),(390,13,7,273,'2020-02-05','0'),(391,13,7,274,'2020-02-05','0'),(392,13,7,279,'2020-02-05','1'),(393,13,7,335,'2020-02-05','0'),(394,13,7,338,'2020-02-05','0'),(395,11,10,172,'2020-02-12','1'),(396,16,6,368,'2020-02-16','0'),(397,16,6,369,'2020-02-16','0'),(398,16,6,370,'2020-02-16','1'),(399,19,6,371,'2020-02-16','1'),(400,19,6,372,'2020-02-16','1'),(401,14,6,373,'2020-02-16','0'),(402,11,10,374,'2020-02-16','0'),(403,11,10,374,'2020-02-16','1'),(404,11,10,375,'2020-02-16','1'),(405,11,10,376,'2020-02-16','1'),(406,15,7,377,'2020-02-16','1'),(407,15,7,378,'2020-02-16','1'),(408,15,7,379,'2020-02-16','0'),(409,14,6,380,'2020-02-24','1'),(410,16,6,381,'2020-02-24','0'),(411,19,6,382,'2020-02-24','0'),(412,18,6,383,'2020-02-24','0'),(413,14,6,384,'2020-02-24','0'),(414,16,7,385,'2020-02-24','1'),(415,19,6,386,'2020-02-24','0'),(416,18,6,387,'2020-02-24','1'),(417,15,7,388,'2020-02-24','1'),(418,24,10,389,'2020-02-24','1'),(419,15,7,390,'2020-02-24','0'),(420,11,10,391,'2020-02-24','0'),(421,29,30,369,'2020-03-04','0'),(422,29,30,370,'2020-03-04','1'),(423,29,30,371,'2020-03-04','1'),(424,15,7,372,'2020-03-04','1'),(425,29,30,373,'2020-03-04','0'),(426,12,6,368,'2020-03-04','1'),(427,16,10,374,'2020-03-04','1'),(428,13,10,375,'2020-03-04','1'),(429,14,10,376,'2020-03-04','1'),(430,18,7,377,'2020-03-04','1'),(431,19,7,378,'2020-03-04','1'),(432,24,6,379,'2020-03-04','0'),(433,27,7,380,'2020-03-04','1'),(434,28,6,381,'2020-03-04','0'),(435,27,7,369,'2020-03-11','1'),(436,12,6,4,'2020-04-03','1'),(437,12,6,14,'2020-04-03','1'),(438,15,7,48,'2020-04-03','1'),(439,16,6,76,'2020-04-03','1'),(440,14,10,104,'2020-04-03','1'),(441,13,7,107,'2020-04-03','1'),(442,27,7,110,'2020-04-03','1'),(443,13,10,162,'2020-04-03','1'),(444,13,10,191,'2020-04-03','1'),(445,13,10,196,'2020-04-03','1'),(446,27,7,211,'2020-04-03','1'),(447,13,7,217,'2020-04-03','1'),(448,16,6,269,'2020-04-03','1'),(449,18,7,303,'2020-04-03','1'),(450,19,7,307,'2020-04-03','1'),(451,19,6,310,'2020-04-03','1'),(452,15,7,321,'2020-04-03','1'),(453,19,6,328,'2020-04-03','1'),(454,13,7,338,'2020-04-03','1'),(455,16,10,339,'2020-04-03','1'),(456,14,10,348,'2020-04-03','1'),(457,14,6,354,'2020-04-03','1'),(458,18,7,359,'2020-04-03','1'),(459,16,6,365,'2020-04-03','1'),(460,15,7,367,'2020-04-03','1'),(461,14,6,373,'2020-04-03','1'),(462,15,7,379,'2020-04-03','1'),(463,18,7,383,'2020-04-03','1'),(464,13,10,384,'2020-04-03','1'),(465,19,7,392,'2020-04-13','1'),(466,13,7,393,'2020-04-13','1'),(467,13,7,394,'2020-04-13','1'),(468,13,7,395,'2020-04-13','1'),(469,18,7,396,'2020-04-13','1'),(470,15,7,397,'2020-04-13','1'),(471,12,6,9,'2020-05-04','1'),(472,18,7,34,'2020-05-04','1'),(473,16,10,84,'2020-05-04','0'),(474,14,10,85,'2020-05-04','1'),(475,16,10,101,'2020-05-04','0'),(476,28,6,179,'2020-05-04','0'),(477,18,7,224,'2020-05-04','1'),(478,16,10,261,'2020-05-04','0'),(479,14,10,268,'2020-05-04','0'),(480,13,10,273,'2020-05-04','1'),(481,16,10,291,'2020-05-04','1'),(482,19,7,308,'2020-05-04','1'),(483,15,7,319,'2020-05-04','0'),(484,13,10,342,'2020-05-04','0'),(485,19,7,357,'2020-05-04','1'),(486,13,10,362,'2020-05-04','1'),(487,15,7,390,'2020-05-04','0'),(488,12,6,17,'2020-05-04','1'),(489,16,10,81,'2020-05-04','1'),(490,27,7,112,'2020-05-04','1'),(491,14,10,233,'2020-05-04','0'),(492,15,7,258,'2020-05-04','0'),(493,13,10,318,'2020-05-04','1'),(494,13,10,335,'2020-05-04','0'),(495,27,7,381,'2020-05-04','0'),(496,28,6,391,'2020-05-04','1'),(497,27,7,381,'2020-05-08','0'),(498,14,10,233,'2020-05-19','0'),(499,14,6,29,'2020-05-19','1'),(500,15,7,258,'2020-05-19','1'),(501,14,6,233,'2020-05-20','1'),(502,28,6,179,'2020-05-21','1'),(503,16,6,261,'2020-05-21','1'),(504,16,6,84,'2020-05-21','0'),(505,16,6,84,'2020-05-21','1'),(506,16,6,101,'2020-05-21','1'),(507,12,6,398,'2020-05-26','1'),(508,19,7,399,'2020-05-26','1'),(509,13,7,400,'2020-05-26','1'),(510,13,7,401,'2020-05-26','1'),(511,19,7,402,'2020-05-26','1'),(512,19,7,403,'2020-05-26','1'),(513,14,6,268,'2020-05-28','1'),(514,19,7,190,'2020-05-29','0'),(515,27,7,381,'2020-05-29','1'),(516,19,7,382,'2020-05-29','1'),(517,14,6,274,'2020-05-29','0'),(518,14,7,274,'2020-05-30','0'),(519,19,7,190,'2020-05-30','1'),(520,14,6,274,'2020-05-30','1'),(521,13,7,335,'2020-05-30','1'),(522,13,7,342,'2020-05-30','1'),(523,19,7,386,'2020-06-01','1'),(524,15,7,319,'2020-06-01','1'),(525,15,7,390,'2020-06-01','1'),(526,9,1,405,'2020-06-05','1'),(527,59,53,406,'2020-06-12','1'),(528,57,53,407,'2020-06-12','1'),(529,61,62,408,'2020-07-15','1');
/*!40000 ALTER TABLE `assign` ENABLE KEYS */;
UNLOCK TABLES;

--
-- Table structure for table `audit`
--

DROP TABLE IF EXISTS `audit`;
/*!40101 SET @saved_cs_client     = @@character_set_client */;
/*!40101 SET character_set_client = utf8 */;
CREATE TABLE `audit` (
  `id` int(11) NOT NULL AUTO_INCREMENT,
  `process_log_id` int(11) NOT NULL,
  `agents_id` int(11) NOT NULL,
  `employee_id_AM` int(11) NOT NULL,
  `employee_id_TL` int(11) NOT NULL,
  `score_able` int(3) NOT NULL DEFAULT 100,
  `score` int(11) NOT NULL,
  `date` date NOT NULL,
  `audit_by` int(11) NOT NULL,
  `callDuration` time NOT NULL,
  `audit_time` time NOT NULL,
  `status` enum('0','1') NOT NULL,
  PRIMARY KEY (`id`),
  KEY `agents_id` (`agents_id`),
  KEY `employee_id_AM` (`employee_id_AM`),
  KEY `employee_id_TL` (`employee_id_TL`),
  KEY `employee_id_AM_2` (`employee_id_AM`),
  KEY `employee_id_TL_2` (`employee_id_TL`),
  CONSTRAINT `audit_ibfk_1` FOREIGN KEY (`employee_id_AM`) REFERENCES `employee` (`emp_id`),
  CONSTRAINT `audit_ibfk_2` FOREIGN KEY (`employee_id_TL`) REFERENCES `employee` (`emp_id`),
  CONSTRAINT `audit_ibfk_3` FOREIGN KEY (`agents_id`) REFERENCES `agents` (`id`)
) ENGINE=InnoDB AUTO_INCREMENT=5 DEFAULT CHARSET=utf8;
/*!40101 SET character_set_client = @saved_cs_client */;

--
-- Dumping data for table `audit`
--

LOCK TABLES `audit` WRITE;
/*!40000 ALTER TABLE `audit` DISABLE KEYS */;
INSERT INTO `audit` VALUES (1,1,18,6,12,100,80,'2020-07-15',7,'00:02:02','00:01:36','1'),(2,2,406,53,59,100,60,'2020-07-15',28,'00:02:02','00:01:33','1'),(3,3,408,62,61,100,60,'2020-07-15',63,'00:02:02','00:02:23','1'),(4,3,408,62,61,100,80,'2020-07-15',63,'00:02:02','00:00:35','1');
/*!40000 ALTER TABLE `audit` ENABLE KEYS */;
UNLOCK TABLES;

--
-- Table structure for table `audit_am`
--

DROP TABLE IF EXISTS `audit_am`;
/*!40101 SET @saved_cs_client     = @@character_set_client */;
/*!40101 SET character_set_client = utf8 */;
CREATE TABLE `audit_am` (
  `id` int(11) NOT NULL AUTO_INCREMENT,
  `agents_id` int(11) NOT NULL,
  `employee_id_AM` int(11) NOT NULL,
  `employee_id_TL` int(11) NOT NULL,
  `score` int(11) NOT NULL,
  `date` date NOT NULL,
  `audit_by` int(11) NOT NULL,
  `audit_parent_id` int(11) NOT NULL,
  `callDuration` time NOT NULL,
  `audit_time` time NOT NULL,
  `status` enum('0','1') NOT NULL,
  PRIMARY KEY (`id`)
) ENGINE=InnoDB DEFAULT CHARSET=utf8;
/*!40101 SET character_set_client = @saved_cs_client */;

--
-- Dumping data for table `audit_am`
--

LOCK TABLES `audit_am` WRITE;
/*!40000 ALTER TABLE `audit_am` DISABLE KEYS */;
/*!40000 ALTER TABLE `audit_am` ENABLE KEYS */;
UNLOCK TABLES;

--
-- Table structure for table `audit_remarks`
--

DROP TABLE IF EXISTS `audit_remarks`;
/*!40101 SET @saved_cs_client     = @@character_set_client */;
/*!40101 SET character_set_client = utf8 */;
CREATE TABLE `audit_remarks` (
  `id` int(11) NOT NULL AUTO_INCREMENT,
  `process_log_id` int(11) NOT NULL,
  `audit_id` int(11) NOT NULL,
  `agents_id` int(11) NOT NULL,
  `employee_id_TL` int(11) NOT NULL,
  `employee_id_AM` int(11) NOT NULL,
  `Call_Date` date NOT NULL,
  `Time_Of_Call` varchar(20) NOT NULL,
  `Calling_Number` bigint(12) NOT NULL,
  `CLI_Number` varchar(100) NOT NULL,
  `Call_Dur_Min` int(11) NOT NULL,
  `Call_Dur_Sec` int(11) NOT NULL,
  `callDuration` time NOT NULL,
  `Call_Type` int(11) NOT NULL,
  `Todays_Audit_Count` int(11) NOT NULL,
  `category_main_id` int(11) NOT NULL,
  `category_sub_id` int(11) NOT NULL,
  `category_main_id_crr` int(11) NOT NULL,
  `category_sub_id_crr` int(11) NOT NULL,
  `Consumers_Concern` varchar(255) NOT NULL,
  `r_g_y_a` varchar(255) NOT NULL,
  `QME_Remarks` varchar(255) NOT NULL,
  `p_s_if_a` varchar(255) NOT NULL,
  `t_d_b_a` varchar(255) NOT NULL,
  `c_t_a_p_p` varchar(255) NOT NULL,
  `Opening` varchar(255) NOT NULL,
  `ActiveListening` varchar(255) NOT NULL,
  `Probing` varchar(255) NOT NULL,
  `Customer_Engagement` varchar(255) NOT NULL,
  `Empathy_where_required` varchar(255) NOT NULL,
  `Understanding` varchar(255) NOT NULL,
  `Professionalism` varchar(255) NOT NULL,
  `Politeness` varchar(255) NOT NULL,
  `Hold_Procedure` varchar(255) NOT NULL,
  `Closing` varchar(255) NOT NULL,
  `Correct_smaller` varchar(255) NOT NULL,
  `Accurate_Complete` varchar(255) NOT NULL,
  `fatal` int(11) NOT NULL DEFAULT 0,
  `Fatal_Reason` int(11) NOT NULL,
  `Fatal_msg` varchar(255) NOT NULL,
  `date` date NOT NULL,
  `audit_time` time NOT NULL,
  `communication` longtext CHARACTER SET utf8mb4 COLLATE utf8mb4_bin NOT NULL CHECK (json_valid(`communication`)),
  `feedback_status_id` varchar(20) NOT NULL,
  `status` enum('0','1') NOT NULL,
  PRIMARY KEY (`id`)
) ENGINE=InnoDB AUTO_INCREMENT=5 DEFAULT CHARSET=utf8;
/*!40101 SET character_set_client = @saved_cs_client */;

--
-- Dumping data for table `audit_remarks`
--

LOCK TABLES `audit_remarks` WRITE;
/*!40000 ALTER TABLE `audit_remarks` DISABLE KEYS */;
INSERT INTO `audit_remarks` VALUES (1,1,1,18,12,6,'2020-07-15','01:00 PM',8982126351,'zxcv123456789',2,2,'00:02:02',2,0,28,90,28,90,'Consumer\'s Concern','Resolution Given By Adviser','QME Remarks','Process Suggestion If Any','Feedback Given','No Disposition Selected By CSA','0','0','0','0','0','0','0','0','0','0','0','0',0,0,'no','2020-07-15','00:01:36','{\"events\":[{\"c1\":\"1\"},{\"c2\":\"1\"},{\"c3\":\"\"},{\"c4\":\"\"},{\"c5\":\"\"},{\"c6\":\"\"},{\"c7\":\"\"},{\"c8\":\"\"},{\"c9\":\"\"},{\"c16\":\"\"}]}','Pending','1'),(2,2,2,406,59,53,'2020-07-15','01:06 PM',8982126351,'cli1234567889',2,2,'00:02:02',2,0,28,90,28,90,'Consumer\'s Concern','Resolution Given By Adviser','QME Remarks','Process Suggestion If Any','Call Landed From other zone','Call Landed From other zone','0','0','0','0','0','0','0','0','0','0','0','0',0,0,'no','2020-07-15','00:01:33','{\"events\":[{\"c11\":\"1\"},{\"c12\":\"1\"},{\"c13\":\"\"},{\"c14\":\"\"},{\"c15\":\"\"}]}','Pending','1'),(3,3,3,408,61,62,'2020-07-15','01:28 PM',8957485966,'cli25855257889',2,2,'00:02:02',2,0,28,90,28,90,'aaa','aaa','aaa','aaa','Call Landed From other zone','No Disposition Selected By CSA','0','0','0','0','0','0','0','0','0','0','0','0',0,0,'no','2020-07-15','00:02:23','{\"events\":[{\"c18\":\"1\"},{\"c19\":\"1\"},{\"c20\":\"\"},{\"c21\":\"\"},{\"c22\":\"\"}]}','Pending','1'),(4,3,4,408,61,62,'2020-07-15','01:32 PM',5874585547,'CLI547855478554',2,2,'00:02:02',2,0,28,90,28,90,'AAA','AAA','AA','AAAA','No Disposition Selected By CSA','No Disposition Selected By CSA','0','0','0','0','0','0','0','0','0','0','0','0',0,0,'NO','2020-07-15','00:00:35','{\"events\":[{\"c18\":\"\"},{\"c19\":\"\"},{\"c20\":\"\"},{\"c21\":\"1\"},{\"c22\":\"2\"}]}','Pending','1');
/*!40000 ALTER TABLE `audit_remarks` ENABLE KEYS */;
UNLOCK TABLES;

--
-- Table structure for table `audit_remarks_am`
--

DROP TABLE IF EXISTS `audit_remarks_am`;
/*!40101 SET @saved_cs_client     = @@character_set_client */;
/*!40101 SET character_set_client = utf8 */;
CREATE TABLE `audit_remarks_am` (
  `id` int(11) NOT NULL AUTO_INCREMENT,
  `audit_id` int(11) NOT NULL,
  `agents_id` int(11) NOT NULL,
  `employee_id_TL` int(11) NOT NULL,
  `employee_id_AM` int(11) NOT NULL,
  `Call_Date` date NOT NULL,
  `Time_Of_Call` varchar(20) NOT NULL,
  `Calling_Number` bigint(12) NOT NULL,
  `CLI_Number` varchar(100) NOT NULL,
  `Call_Dur_Min` int(11) NOT NULL,
  `Call_Dur_Sec` int(11) NOT NULL,
  `callDuration` time NOT NULL,
  `Call_Type` int(11) NOT NULL,
  `Todays_Audit_Count` int(11) NOT NULL,
  `category_main_id` int(11) NOT NULL,
  `category_sub_id` int(11) NOT NULL,
  `category_main_id_crr` int(11) NOT NULL,
  `category_sub_id_crr` int(11) NOT NULL,
  `Consumers_Concern` varchar(255) NOT NULL,
  `r_g_y_a` varchar(255) NOT NULL,
  `QME_Remarks` varchar(255) NOT NULL,
  `p_s_if_a` varchar(255) NOT NULL,
  `t_d_b_a` varchar(255) NOT NULL,
  `c_t_a_p_p` varchar(255) NOT NULL,
  `Opening` varchar(255) NOT NULL,
  `ActiveListening` varchar(255) NOT NULL,
  `Probing` varchar(255) NOT NULL,
  `Customer_Engagement` varchar(255) NOT NULL,
  `Empathy_where_required` varchar(255) NOT NULL,
  `Understanding` varchar(255) NOT NULL,
  `Professionalism` varchar(255) NOT NULL,
  `Politeness` varchar(255) NOT NULL,
  `Hold_Procedure` varchar(255) NOT NULL,
  `Closing` varchar(255) NOT NULL,
  `Correct_smaller` varchar(255) NOT NULL,
  `Accurate_Complete` varchar(255) NOT NULL,
  `Fatal_Reason` int(11) NOT NULL,
  `date` date NOT NULL,
  `audit_time` time NOT NULL,
  `feedback_status_id` varchar(20) NOT NULL,
  `status` enum('0','1') NOT NULL,
  PRIMARY KEY (`id`)
) ENGINE=InnoDB DEFAULT CHARSET=utf8;
/*!40101 SET character_set_client = @saved_cs_client */;

--
-- Dumping data for table `audit_remarks_am`
--

LOCK TABLES `audit_remarks_am` WRITE;
/*!40000 ALTER TABLE `audit_remarks_am` DISABLE KEYS */;
/*!40000 ALTER TABLE `audit_remarks_am` ENABLE KEYS */;
UNLOCK TABLES;

--
-- Table structure for table `audit_remarks_supervises`
--

DROP TABLE IF EXISTS `audit_remarks_supervises`;
/*!40101 SET @saved_cs_client     = @@character_set_client */;
/*!40101 SET character_set_client = utf8 */;
CREATE TABLE `audit_remarks_supervises` (
  `id` int(11) NOT NULL AUTO_INCREMENT,
  `audit_id` int(11) NOT NULL,
  `agents_id` int(11) NOT NULL,
  `employee_id_TL` int(11) NOT NULL,
  `employee_id_AM` int(11) NOT NULL,
  `Call_Date` date NOT NULL,
  `Time_Of_Call` varchar(20) NOT NULL,
  `Calling_Number` bigint(12) NOT NULL,
  `CLI_Number` varchar(100) NOT NULL,
  `Call_Dur_Min` int(11) NOT NULL,
  `Call_Dur_Sec` int(11) NOT NULL,
  `callDuration` time NOT NULL,
  `Call_Type` int(11) NOT NULL,
  `Todays_Audit_Count` int(11) NOT NULL,
  `category_main_id` int(11) NOT NULL,
  `category_sub_id` int(11) NOT NULL,
  `category_main_id_crr` int(11) NOT NULL,
  `category_sub_id_crr` int(11) NOT NULL,
  `Consumers_Concern` varchar(255) NOT NULL,
  `r_g_y_a` varchar(255) NOT NULL,
  `QME_Remarks` varchar(255) NOT NULL,
  `p_s_if_a` varchar(255) NOT NULL,
  `t_d_b_a` varchar(255) NOT NULL,
  `c_t_a_p_p` varchar(255) NOT NULL,
  `Opening` varchar(255) NOT NULL,
  `ActiveListening` varchar(255) NOT NULL,
  `Probing` varchar(255) NOT NULL,
  `Customer_Engagement` varchar(255) NOT NULL,
  `Empathy_where_required` varchar(255) NOT NULL,
  `Understanding` varchar(255) NOT NULL,
  `Professionalism` varchar(255) NOT NULL,
  `Politeness` varchar(255) NOT NULL,
  `Hold_Procedure` varchar(255) NOT NULL,
  `Closing` varchar(255) NOT NULL,
  `Correct_smaller` varchar(255) NOT NULL,
  `Accurate_Complete` varchar(255) NOT NULL,
  `Fatal_Reason` int(11) NOT NULL,
  `date` date NOT NULL,
  `audit_time` time NOT NULL,
  `feedback_status_id` varchar(20) NOT NULL,
  `status` enum('0','1') NOT NULL,
  PRIMARY KEY (`id`),
  KEY `audit_id` (`audit_id`),
  KEY `employee_id_TL` (`employee_id_TL`),
  KEY `employee_id_AM` (`employee_id_AM`)
) ENGINE=InnoDB DEFAULT CHARSET=utf8;
/*!40101 SET character_set_client = @saved_cs_client */;

--
-- Dumping data for table `audit_remarks_supervises`
--

LOCK TABLES `audit_remarks_supervises` WRITE;
/*!40000 ALTER TABLE `audit_remarks_supervises` DISABLE KEYS */;
/*!40000 ALTER TABLE `audit_remarks_supervises` ENABLE KEYS */;
UNLOCK TABLES;

--
-- Table structure for table `audit_remarks_tl`
--

DROP TABLE IF EXISTS `audit_remarks_tl`;
/*!40101 SET @saved_cs_client     = @@character_set_client */;
/*!40101 SET character_set_client = utf8 */;
CREATE TABLE `audit_remarks_tl` (
  `id` int(11) NOT NULL AUTO_INCREMENT,
  `audit_id` int(11) NOT NULL,
  `agents_id` int(11) NOT NULL,
  `employee_id_TL` int(11) NOT NULL,
  `employee_id_AM` int(11) NOT NULL,
  `Call_Date` date NOT NULL,
  `Time_Of_Call` varchar(20) NOT NULL,
  `Calling_Number` bigint(12) NOT NULL,
  `CLI_Number` varchar(100) NOT NULL,
  `Call_Dur_Min` int(11) NOT NULL,
  `Call_Dur_Sec` int(11) NOT NULL,
  `callDuration` time NOT NULL,
  `Call_Type` int(11) NOT NULL,
  `Todays_Audit_Count` int(11) NOT NULL,
  `category_main_id` int(11) NOT NULL,
  `category_sub_id` int(11) NOT NULL,
  `category_main_id_crr` int(11) NOT NULL,
  `category_sub_id_crr` int(11) NOT NULL,
  `Consumers_Concern` varchar(255) NOT NULL,
  `r_g_y_a` varchar(255) NOT NULL,
  `QME_Remarks` varchar(255) NOT NULL,
  `p_s_if_a` varchar(255) NOT NULL,
  `t_d_b_a` varchar(255) NOT NULL,
  `c_t_a_p_p` varchar(255) NOT NULL,
  `Opening` varchar(255) NOT NULL,
  `ActiveListening` varchar(255) NOT NULL,
  `Probing` varchar(255) NOT NULL,
  `Customer_Engagement` varchar(255) NOT NULL,
  `Empathy_where_required` varchar(255) NOT NULL,
  `Understanding` varchar(255) NOT NULL,
  `Professionalism` varchar(255) NOT NULL,
  `Politeness` varchar(255) NOT NULL,
  `Hold_Procedure` varchar(255) NOT NULL,
  `Closing` varchar(255) NOT NULL,
  `Correct_smaller` varchar(255) NOT NULL,
  `Accurate_Complete` varchar(255) NOT NULL,
  `Fatal_Reason` int(11) NOT NULL,
  `date` date NOT NULL,
  `audit_time` time NOT NULL,
  `feedback_status_id` varchar(20) NOT NULL,
  `status` enum('0','1') NOT NULL,
  PRIMARY KEY (`id`)
) ENGINE=InnoDB DEFAULT CHARSET=utf8;
/*!40101 SET character_set_client = @saved_cs_client */;

--
-- Dumping data for table `audit_remarks_tl`
--

LOCK TABLES `audit_remarks_tl` WRITE;
/*!40000 ALTER TABLE `audit_remarks_tl` DISABLE KEYS */;
/*!40000 ALTER TABLE `audit_remarks_tl` ENABLE KEYS */;
UNLOCK TABLES;

--
-- Table structure for table `audit_supervises`
--

DROP TABLE IF EXISTS `audit_supervises`;
/*!40101 SET @saved_cs_client     = @@character_set_client */;
/*!40101 SET character_set_client = utf8 */;
CREATE TABLE `audit_supervises` (
  `id` int(11) NOT NULL AUTO_INCREMENT,
  `agents_id` int(11) NOT NULL,
  `employee_id_AM` int(11) NOT NULL,
  `employee_id_TL` int(11) NOT NULL,
  `score_able` int(3) NOT NULL DEFAULT 100,
  `score` int(11) NOT NULL,
  `date` date NOT NULL,
  `audit_by` int(11) NOT NULL,
  `callDuration` time NOT NULL,
  `audit_time` time NOT NULL,
  `CLI_Number` varchar(100) NOT NULL,
  `status` enum('0','1') NOT NULL,
  PRIMARY KEY (`id`),
  KEY `agents_id` (`agents_id`),
  KEY `employee_id_AM` (`employee_id_AM`),
  KEY `employee_id_TL` (`employee_id_TL`),
  KEY `employee_id_AM_2` (`employee_id_AM`),
  KEY `employee_id_TL_2` (`employee_id_TL`)
) ENGINE=InnoDB DEFAULT CHARSET=utf8;
/*!40101 SET character_set_client = @saved_cs_client */;

--
-- Dumping data for table `audit_supervises`
--

LOCK TABLES `audit_supervises` WRITE;
/*!40000 ALTER TABLE `audit_supervises` DISABLE KEYS */;
/*!40000 ALTER TABLE `audit_supervises` ENABLE KEYS */;
UNLOCK TABLES;

--
-- Table structure for table `audit_tl`
--

DROP TABLE IF EXISTS `audit_tl`;
/*!40101 SET @saved_cs_client     = @@character_set_client */;
/*!40101 SET character_set_client = utf8 */;
CREATE TABLE `audit_tl` (
  `id` int(11) NOT NULL AUTO_INCREMENT,
  `agents_id` int(11) NOT NULL,
  `employee_id_AM` int(11) NOT NULL,
  `employee_id_TL` int(11) NOT NULL,
  `score` int(11) NOT NULL,
  `date` date NOT NULL,
  `audit_by` int(11) NOT NULL,
  `callDuration` time NOT NULL,
  `audit_time` time NOT NULL,
  `status` enum('0','1') NOT NULL,
  PRIMARY KEY (`id`)
) ENGINE=InnoDB DEFAULT CHARSET=utf8;
/*!40101 SET character_set_client = @saved_cs_client */;

--
-- Dumping data for table `audit_tl`
--

LOCK TABLES `audit_tl` WRITE;
/*!40000 ALTER TABLE `audit_tl` DISABLE KEYS */;
/*!40000 ALTER TABLE `audit_tl` ENABLE KEYS */;
UNLOCK TABLES;

--
-- Table structure for table `call_types`
--

DROP TABLE IF EXISTS `call_types`;
/*!40101 SET @saved_cs_client     = @@character_set_client */;
/*!40101 SET character_set_client = utf8 */;
CREATE TABLE `call_types` (
  `id` int(11) NOT NULL AUTO_INCREMENT,
  `name` varchar(50) NOT NULL,
  `status` enum('0','1') NOT NULL,
  PRIMARY KEY (`id`)
) ENGINE=InnoDB AUTO_INCREMENT=3 DEFAULT CHARSET=utf8;
/*!40101 SET character_set_client = @saved_cs_client */;

--
-- Dumping data for table `call_types`
--

LOCK TABLES `call_types` WRITE;
/*!40000 ALTER TABLE `call_types` DISABLE KEYS */;
INSERT INTO `call_types` VALUES (1,'Inbound','1'),(2,'Outbound','1');
/*!40000 ALTER TABLE `call_types` ENABLE KEYS */;
UNLOCK TABLES;

--
-- Table structure for table `calldurationpattern`
--

DROP TABLE IF EXISTS `calldurationpattern`;
/*!40101 SET @saved_cs_client     = @@character_set_client */;
/*!40101 SET character_set_client = utf8 */;
CREATE TABLE `calldurationpattern` (
  `id` int(11) NOT NULL AUTO_INCREMENT,
  `name` varchar(20) NOT NULL,
  `start_time` time NOT NULL,
  `end_time` time NOT NULL,
  `target` int(11) NOT NULL,
  `status` enum('0','1') NOT NULL DEFAULT '1',
  PRIMARY KEY (`id`)
) ENGINE=InnoDB AUTO_INCREMENT=11 DEFAULT CHARSET=utf8;
/*!40101 SET character_set_client = @saved_cs_client */;

--
-- Dumping data for table `calldurationpattern`
--

LOCK TABLES `calldurationpattern` WRITE;
/*!40000 ALTER TABLE `calldurationpattern` DISABLE KEYS */;
INSERT INTO `calldurationpattern` VALUES (1,'0-60 Sec.','00:00:00','00:00:59',7,'1'),(2,'1-3 Min.','00:01:00','00:03:00',7,'1'),(3,'3-4 Min.','00:03:01','00:04:00',10,'1'),(4,'4-5 Min.','00:04:01','00:05:00',10,'1'),(5,'5-7 Min.','00:05:01','00:07:00',13,'1'),(6,'7-8 Min.','00:07:01','00:08:00',10,'1'),(7,'8-10 Min.','00:08:01','00:10:00',10,'1'),(8,'10-11 Min.','00:10:01','00:11:00',13,'1'),(9,'11-12 Min.','00:11:01','00:12:00',10,'1'),(10,'More than 12 Min.','00:12:01','23:00:00',10,'1');
/*!40000 ALTER TABLE `calldurationpattern` ENABLE KEYS */;
UNLOCK TABLES;

--
-- Table structure for table `category`
--

DROP TABLE IF EXISTS `category`;
/*!40101 SET @saved_cs_client     = @@character_set_client */;
/*!40101 SET character_set_client = utf8 */;
CREATE TABLE `category` (
  `category_id` int(20) NOT NULL AUTO_INCREMENT,
  `category_name` varchar(100) NOT NULL,
  `created_at` varchar(100) NOT NULL,
  PRIMARY KEY (`category_id`)
) ENGINE=InnoDB AUTO_INCREMENT=3 DEFAULT CHARSET=utf8;
/*!40101 SET character_set_client = @saved_cs_client */;

--
-- Dumping data for table `category`
--

LOCK TABLES `category` WRITE;
/*!40000 ALTER TABLE `category` DISABLE KEYS */;
INSERT INTO `category` VALUES (1,'Admin','04/10/2017 12:16:37'),(2,'Staff','04/10/2017 12:16:48');
/*!40000 ALTER TABLE `category` ENABLE KEYS */;
UNLOCK TABLES;

--
-- Table structure for table `category_main`
--

DROP TABLE IF EXISTS `category_main`;
/*!40101 SET @saved_cs_client     = @@character_set_client */;
/*!40101 SET character_set_client = utf8 */;
CREATE TABLE `category_main` (
  `category_main_id` bigint(20) NOT NULL AUTO_INCREMENT,
  `category_main_name` varchar(200) NOT NULL,
  `category_main_time_urban` varchar(100) NOT NULL,
  `category_main_time_rural` varchar(100) NOT NULL,
  `category_main_status` tinyint(4) NOT NULL DEFAULT 1 COMMENT '1 for Active 2 for Block',
  `category_main_assign_officer_type` tinyint(4) NOT NULL,
  `category_main_created_by` int(20) NOT NULL,
  `category_main_order` int(11) NOT NULL,
  `merge_show` int(11) NOT NULL,
  PRIMARY KEY (`category_main_id`)
) ENGINE=InnoDB AUTO_INCREMENT=29 DEFAULT CHARSET=utf8;
/*!40101 SET character_set_client = @saved_cs_client */;

--
-- Dumping data for table `category_main`
--

LOCK TABLES `category_main` WRITE;
/*!40000 ALTER TABLE `category_main` DISABLE KEYS */;
INSERT INTO `category_main` VALUES (9,'From Contractor /Supplies','','',2,0,2,1,0),(10,'DTR','','',1,0,2,3,0),(12,'Electricity Bill ','0','0',1,0,2,2,1),(13,'Online bill payment','0','0',1,0,2,4,1),(15,'NSC/Temp/Pump Conn','0','0',1,0,2,6,1),(16,'Meter','0','0',1,0,2,5,1),(17,'Supply/Pole','0','0',1,0,2,1,1),(18,'Theft','0','0',1,0,2,7,1),(19,'Saral / Samadhan','0','0',2,0,2,8,1),(20,'Accident/Emergency','0','0',1,0,2,9,1),(22,'Employee','0','0',2,0,2,13,0),(23,'Request','0','0',2,0,2,12,1),(24,'Information','0','0',2,0,2,13,0),(26,'Corruption','0','0',2,0,2,14,0),(27,'Outsourced  employee/meter reader ','0','0',2,0,2,15,0),(28,'Indra grah jyoti /Indra kisan jyoti','0','0',1,0,2,8,1);
/*!40000 ALTER TABLE `category_main` ENABLE KEYS */;
UNLOCK TABLES;

--
-- Table structure for table `category_sub`
--

DROP TABLE IF EXISTS `category_sub`;
/*!40101 SET @saved_cs_client     = @@character_set_client */;
/*!40101 SET character_set_client = utf8 */;
CREATE TABLE `category_sub` (
  `category_sub_id` bigint(20) NOT NULL AUTO_INCREMENT,
  `category_sub_main_id` bigint(20) NOT NULL,
  `category_sub_name` varchar(200) NOT NULL,
  `category_sub_created_by` int(12) NOT NULL,
  `category_sub_time` varchar(50) NOT NULL,
  `category_sub_level1_urban` int(255) NOT NULL,
  `category_sub_level1_rural` int(255) NOT NULL,
  `category_sub_level2_urban` int(255) NOT NULL,
  `category_sub_level2_rural` int(255) NOT NULL,
  `category_sub_level3_urban` int(255) NOT NULL,
  `category_sub_level3_rural` int(255) NOT NULL,
  `category_sub_level4_urban` int(255) NOT NULL,
  `category_sub_level4_rural` int(255) NOT NULL,
  `category_sub_level1_urban_time` int(11) NOT NULL,
  `category_sub_level1_rural_time` int(11) NOT NULL,
  `category_sub_level2_urban_time` int(11) NOT NULL,
  `category_sub_level2_rural_time` int(11) NOT NULL,
  `category_sub_level3_urban_time` int(11) NOT NULL,
  `category_sub_level3_rural_time` int(11) NOT NULL,
  `category_sub_level4_urban_time` int(11) NOT NULL,
  `category_sub_level4_rural_time` int(11) NOT NULL,
  `escalate_upto` int(11) NOT NULL,
  `category_sub_app` int(11) NOT NULL,
  `category_sub_status` tinyint(4) NOT NULL DEFAULT 1 COMMENT '1 for Active 2 for Block',
  PRIMARY KEY (`category_sub_id`)
) ENGINE=InnoDB AUTO_INCREMENT=92 DEFAULT CHARSET=utf8;
/*!40101 SET character_set_client = @saved_cs_client */;

--
-- Dumping data for table `category_sub`
--

LOCK TABLES `category_sub` WRITE;
/*!40000 ALTER TABLE `category_sub` DISABLE KEYS */;
INSERT INTO `category_sub` VALUES (1,12,'Reading not taken',2,'',7,7,6,6,5,5,4,4,72,72,120,168,120,168,120,168,3,0,1),(2,12,'Wrong reading',2,'',7,7,6,6,5,5,4,4,72,72,120,168,120,168,120,168,3,0,1),(3,12,'Bill not received ',2,'',7,7,6,6,5,5,4,4,72,72,120,168,120,168,120,168,3,0,1),(4,12,'Wrong Bill',2,'',7,7,6,6,5,5,4,4,72,72,120,168,120,168,120,168,3,0,1),(5,13,'Amount deducted from account  but receipt not generated ',2,'',6,6,5,5,0,0,0,0,48,48,72,72,96,96,0,0,2,0,1),(6,13,'Payment not updated ',2,'',6,6,5,5,0,0,0,0,48,48,72,72,96,96,0,0,2,0,1),(7,13,'Current month bill not available Website/App',2,'',6,6,5,5,0,0,0,0,48,48,72,72,96,96,0,0,2,0,1),(8,13,'Issue with App/website',2,'',6,6,5,5,0,0,0,0,48,48,72,72,96,96,0,0,2,0,1),(12,15,'Delay in NSC',2,'',7,7,6,6,5,5,4,4,72,168,96,216,120,240,144,264,3,0,1),(13,15,'Delay in serving of TC',2,'',7,7,6,6,5,5,4,4,24,48,48,72,72,96,96,120,3,0,1),(14,15,'Connection Served but first bill not recieved',2,'',7,7,6,6,5,5,4,4,72,120,96,168,120,192,144,216,3,0,1),(15,15,'Connection Served but meter not installed ',2,'',7,7,6,6,5,5,4,4,72,120,96,168,120,192,144,216,3,0,1),(16,15,'Temp Conn-SD not Refunded',2,'',7,7,6,6,5,5,4,4,72,120,96,168,120,192,144,216,3,0,2),(17,16,'Meter Burnt /Damaged',2,'',7,7,6,6,5,5,4,4,48,120,96,168,120,192,144,216,3,0,1),(18,16,'Meter Stopped/Defective',2,'',7,7,6,6,5,5,4,4,72,120,120,168,144,192,168,216,3,0,1),(19,16,'Meter Fast',2,'',7,7,6,6,5,5,4,4,72,120,120,168,144,192,168,216,3,0,1),(20,16,'Meter  Stolen',2,'',7,7,6,6,5,5,4,4,48,120,96,168,120,192,144,216,3,0,1),(21,17,'Supply failure ',2,'',8,8,7,7,6,6,5,5,4,24,8,48,12,72,16,96,4,0,1),(22,17,'Frequent Trippings',2,'',8,8,7,7,6,6,5,5,48,72,120,168,168,192,192,200,4,0,1),(23,17,'Service line burnt/damaged/leaning',2,'',8,8,7,7,6,6,5,5,24,72,48,72,72,96,100,120,4,0,1),(24,17,'Voltage related',2,'',8,8,7,7,6,6,5,5,24,48,48,72,72,120,96,168,4,0,1),(25,17,'Pole leaning /rusted/damage/broken',2,'',8,8,7,7,6,6,5,5,48,72,72,96,96,120,120,168,4,0,1),(26,18,'Theft of Electricity',2,'',7,7,6,6,5,4,4,4,120,168,144,216,168,288,192,300,4,0,1),(27,18,'Theft of material ',2,'',7,7,6,6,5,4,4,4,24,24,48,48,72,72,96,96,5,0,1),(28,19,'Saral -Eligible for the facility but same not provided',2,'',7,7,6,6,5,5,4,4,72,120,120,168,144,192,168,216,3,0,1),(29,19,'Saral-Bill amount more than Rs.200',2,'',7,7,6,6,5,5,4,4,72,120,120,168,144,192,168,216,3,0,1),(30,19,'Samadhan-Eligible for the facility but same not provided ',2,'',7,7,6,6,5,5,4,4,72,120,120,168,144,192,168,216,3,0,1),(31,20,'Pole fell down',2,'',7,7,6,6,5,5,4,4,4,4,8,8,12,12,16,16,5,0,1),(32,20,'Current in pole',2,'',7,7,6,6,5,5,4,4,4,4,8,8,12,12,16,16,5,0,1),(33,20,'Conductor snapped ',2,'',7,7,6,6,5,5,4,4,4,4,8,8,12,12,16,16,5,0,1),(34,20,'Tree fell on Line',2,'',7,7,6,6,5,5,4,4,4,4,8,8,12,12,16,16,5,0,1),(35,20,'Accident of Animal ',2,'',7,7,6,6,5,5,4,4,4,4,8,8,12,12,16,16,5,0,1),(36,20,'Accident of Human being',2,'',7,7,6,6,5,5,4,4,4,4,8,8,12,12,16,16,5,0,1),(37,20,'Fire in Transformer ',2,'',7,7,6,6,5,5,4,4,4,4,8,8,12,12,16,16,5,0,1),(42,22,'Pending payment of TA bill/Medical Reimbursement ',2,'',15,15,16,16,0,0,0,0,168,0,360,0,0,0,0,0,0,0,1),(43,22,'Pending Higher pay Scale ',2,'',15,15,16,16,0,0,0,0,168,0,360,0,0,0,0,0,0,0,1),(44,22,'Transfer',2,'',15,15,16,16,0,0,0,0,168,0,360,0,0,0,0,0,0,0,1),(45,22,'Salary related ',2,'',15,15,16,16,0,0,0,0,168,0,360,0,0,0,0,0,0,0,1),(46,22,'Mahila Utpeeran ',2,'',15,15,16,16,0,0,0,0,168,0,360,0,0,0,0,0,0,0,1),(47,22,'Complaints from Weaker section (SC/ST)',2,'',15,15,16,16,0,0,0,0,168,0,360,0,0,0,0,0,0,0,1),(48,23,'NSC',2,'',7,7,6,6,5,5,4,4,168,168,216,216,300,300,350,350,0,0,1),(49,23,'Temp Conn',2,'',7,7,6,6,5,5,4,4,168,168,216,216,300,300,350,350,0,0,1),(50,23,'Load Enhancement ',2,'',7,7,6,6,5,5,4,4,168,168,216,216,300,300,350,350,0,0,1),(51,23,'Name Transfer ',2,'',7,7,6,6,5,5,4,4,168,168,216,216,300,300,350,350,0,0,1),(52,23,'Temp Dis-connection/Permanent Dis-connection',2,'',7,7,6,6,5,5,4,4,168,168,216,216,300,300,350,350,0,0,1),(53,23,'Purpose Change ',2,'',7,7,6,6,5,5,4,4,168,168,216,216,300,300,350,350,0,0,1),(54,23,'Addition/Change of Mobile no.',2,'',7,7,6,6,5,5,4,4,168,168,216,216,300,300,350,350,0,0,1),(55,23,'Addition/Change of mail id ',2,'',7,7,6,6,5,5,4,4,168,168,216,216,300,300,350,350,0,0,1),(56,23,'E-copy of bill on mail id ',2,'',7,7,6,6,5,5,4,4,168,168,216,216,300,300,350,350,0,0,1),(57,23,'Meter Reading convey ',2,'',7,7,6,6,5,5,4,4,168,168,216,216,300,300,350,350,0,0,1),(58,23,'Meter Shifting',2,'',7,7,6,6,5,5,4,4,168,168,216,216,300,300,350,350,0,0,1),(59,23,'Shifting of Poles/Lines',2,'',7,7,6,6,5,5,4,4,168,168,216,216,300,300,350,350,0,0,1),(60,23,'Service Line Replacement',2,'',7,7,6,6,5,5,4,4,168,168,216,216,300,300,350,350,0,0,1),(61,24,'Related to Bill',2,'',0,0,0,0,0,0,0,8,0,0,0,0,0,0,0,0,0,0,1),(62,24,'Payment Modes',2,'',0,0,0,0,0,0,0,0,0,0,0,0,0,0,0,0,0,0,1),(63,24,'ATP machines',2,'',0,0,0,0,0,0,0,0,0,0,0,0,0,0,0,0,0,0,1),(64,24,'Saral/Samadhan/Other Schemes',2,'',0,0,0,0,0,0,0,0,0,0,0,0,0,0,0,0,0,0,1),(65,24,'Mobile no. And details of Officers',2,'',0,0,0,0,0,0,0,0,0,0,0,0,0,0,0,0,0,0,1),(66,15,'Issue in Serving of Pump Connection',2,'',7,7,6,6,5,5,4,4,72,168,96,216,120,250,144,274,3,0,1),(67,10,'Oil Leakage',2,'',7,7,6,6,5,5,4,4,12,48,24,72,48,96,72,120,0,0,1),(68,10,'DTR Failed',2,'',7,7,6,6,5,5,4,4,12,48,24,72,48,96,72,120,0,0,1),(69,10,'DTR Sparking',2,'',7,7,6,6,5,5,4,4,12,48,24,72,48,96,72,120,0,0,1),(70,9,'Bill submitted but not passed',2,'',17,0,18,0,19,0,0,0,120,0,240,0,0,0,0,0,0,0,1),(71,9,'Delay in payment',2,'',17,0,18,0,19,0,0,0,168,0,192,0,0,0,0,0,0,0,1),(72,9,'Delay in SD/EMD refund',2,'',17,0,18,0,19,0,0,0,120,0,240,0,0,0,0,0,0,0,1),(73,9,'Complaint against any corrupt demand/practice',2,'',17,0,18,0,19,0,0,0,120,0,168,0,0,0,0,0,0,0,2),(74,15,'SD Against Connection Not Refunded',2,'',7,7,6,6,5,5,4,4,72,72,120,168,120,168,120,168,3,0,1),(75,23,'Bill Amount Paid, request for Re-connection',2,'',7,7,6,6,5,5,4,4,168,168,216,216,300,300,350,350,0,0,1),(76,23,'E-copy of bill on Whatsapp',2,'',7,7,6,6,5,5,4,4,168,168,216,216,300,300,350,350,0,0,1),(77,16,'Meter  body cover ',2,'',7,7,6,6,5,5,4,4,48,120,96,168,120,192,144,216,3,0,1),(78,16,'Sparking in meter terminal ',2,'',7,7,6,6,5,5,4,4,24,48,48,72,72,96,96,120,3,0,1),(79,22,'Departmental Enquiry Related',2,'',15,15,16,16,0,0,0,0,168,0,360,0,0,0,0,0,0,0,1),(80,22,'Pension Related',2,'',15,15,16,16,0,0,0,0,168,0,360,0,0,0,0,0,0,0,1),(81,17,'Less Supply',2,'',8,8,7,7,6,6,5,5,48,72,72,96,96,120,120,168,4,0,1),(82,26,'Complaint against any corrupt demand/practice',2,'',6,7,5,6,4,5,3,4,48,48,72,100,148,148,175,175,0,0,1),(83,27,'Outsourced',2,'',6,7,5,6,4,5,3,4,48,48,72,100,148,148,175,175,0,0,1),(84,27,'Meter Reader',2,'',6,7,5,6,4,5,3,4,48,48,72,100,148,148,175,175,0,0,1),(85,15,'Delay in name change/load change',2,'',7,7,6,6,5,5,4,4,48,48,72,100,148,148,175,175,3,0,1),(86,12,'Bill AMount Information',2,'',7,7,6,6,5,5,4,4,72,72,120,168,120,168,120,168,3,1,1),(87,23,'Addition of extra pole',2,'',7,7,6,6,5,5,4,4,168,168,216,216,300,300,350,350,0,0,1),(88,23,'Additional DTR',2,'',7,7,6,6,5,5,4,4,168,168,216,216,300,300,350,350,0,0,1),(89,23,'Address Correction',2,'',7,7,6,6,5,5,4,4,168,168,216,216,300,300,350,350,0,0,1),(90,28,'Indira grah jyoti yojna Subsidy not received',2,'',7,7,6,6,5,5,4,4,72,120,120,168,144,192,168,216,3,0,1),(91,28,'Indira kisan jyoti yojna benefit not received',2,'',7,7,6,6,5,5,4,4,72,120,120,168,144,192,168,216,3,0,1);
/*!40000 ALTER TABLE `category_sub` ENABLE KEYS */;
UNLOCK TABLES;

--
-- Table structure for table `ci_users`
--

DROP TABLE IF EXISTS `ci_users`;
/*!40101 SET @saved_cs_client     = @@character_set_client */;
/*!40101 SET character_set_client = utf8 */;
CREATE TABLE `ci_users` (
  `id` int(11) NOT NULL AUTO_INCREMENT,
  `username` varchar(50) NOT NULL,
  `firstname` varchar(30) NOT NULL,
  `lastname` varchar(30) NOT NULL,
  `email` varchar(50) NOT NULL,
  `mobile_no` varchar(30) NOT NULL,
  `password` varchar(255) NOT NULL,
  `is_admin` tinyint(4) NOT NULL DEFAULT 0,
  `last_ip` varchar(30) NOT NULL,
  `created_at` datetime NOT NULL,
  `updated_at` datetime NOT NULL,
  PRIMARY KEY (`id`)
) ENGINE=MyISAM AUTO_INCREMENT=10 DEFAULT CHARSET=utf8;
/*!40101 SET character_set_client = @saved_cs_client */;

--
-- Dumping data for table `ci_users`
--

LOCK TABLES `ci_users` WRITE;
/*!40000 ALTER TABLE `ci_users` DISABLE KEYS */;
INSERT INTO `ci_users` VALUES (3,'demo','admin','admin','admin@admin.com','12345','$2y$10$tFY/JX/rEKR8ODW2ktjYtOWf3zTkvOtynrXOvrcZ2Qm9h72r9TaPW',1,'','2017-09-29 10:09:44','2017-09-30 08:09:29'),(7,'Test1','test','champion','test@gmail.com','12345','$2y$10$J317ib3JnglmhO.IbaADHOyr4j2xSbWZZtO8pHDWW65GUZLZEu63u',0,'','2017-09-29 11:09:02','2017-09-30 08:09:51'),(6,'Ali Raza','Ali','Raza','ali@admin.com','123456','$2y$10$RoUcgnJ1AaK125c/hFmkWexGRvEhvQKXm21YRYlNrEHuvQcH2zMMG',0,'','2017-10-03 06:10:31','2017-10-03 05:10:25'),(5,'wwe champion','wwe','champion','naumanahmedcs@gmail.com','12345','$2y$10$KB0NxzAOWtbnVj.7OJujRe7G5K1lb6UG5ra3PnAAt/Oc96Wfl5tea',0,'','2017-09-29 11:09:02','2017-10-03 06:10:51'),(8,'John Smith','John','Smith','johnsmith@gmail.com','12345','$2y$10$J317ib3JnglmhO.IbaADHOyr4j2xSbWZZtO8pHDWW65GUZLZEu63u',0,'','2017-09-29 11:09:02','2017-09-30 08:09:51'),(9,'Herry Jhone','Herry','Jhone','herrypro@gmail.com','449548545624','$2y$10$.P.vz6NaSbLPq.BvOY0umulTKBj9Ovds2jaQBdGbyKzlfjOV0O4RW',0,'','2017-10-03 07:10:26','2017-10-03 07:10:26');
/*!40000 ALTER TABLE `ci_users` ENABLE KEYS */;
UNLOCK TABLES;

--
-- Table structure for table `communications`
--

DROP TABLE IF EXISTS `communications`;
/*!40101 SET @saved_cs_client     = @@character_set_client */;
/*!40101 SET character_set_client = utf8 */;
CREATE TABLE `communications` (
  `id` int(11) NOT NULL AUTO_INCREMENT,
  `process_log_id` int(11) NOT NULL,
  `title` varchar(100) NOT NULL,
  `options` text NOT NULL,
  `score` int(11) NOT NULL,
  `status` enum('0','1') NOT NULL DEFAULT '1',
  `option_type` enum('0','1') NOT NULL DEFAULT '1',
  PRIMARY KEY (`id`)
) ENGINE=InnoDB AUTO_INCREMENT=23 DEFAULT CHARSET=utf8;
/*!40101 SET character_set_client = @saved_cs_client */;

--
-- Dumping data for table `communications`
--

LOCK TABLES `communications` WRITE;
/*!40000 ALTER TABLE `communications` DISABLE KEYS */;
INSERT INTO `communications` VALUES (1,1,'Opening','Incorrect/Non-Standard Greeting,Greetings not sounding clear/enthuastic,Delayed Greeting >5 Sec,No Opening',10,'1','1'),(2,1,'Active Listening','Continuous interruption (with or without apology),Multiple repetition',10,'1','1'),(3,1,'Probing','Irrelevant probing,Complete Probing was not done as required on the call',10,'1','1'),(4,1,'Customer Engagement/ Rapport Building','\"Happy to serve\" attitude was missing,Poor engagement,CSR failed to build connect with Customer,Use of negative sentences to communicate organisation stand',10,'1','1'),(5,1,'Empathy where required','Over/ repeat / unnecessary empathy,Fails to empathize,Over apology',10,'1','1'),(6,1,'Understanding (Both CSR & Customer perspective)','Response is completely out of context wrt Customer\'s issue,Making Customer irate by asking irrelevant question,CSR didn\'t gave clear explanation to make the Customer understand',10,'1','1'),(7,1,'Professionalism','Casual approach / tone(through out the call),Casual approach / tone, Not adhering to Customer language ( Answering query in diff. Language)',10,'1','1'),(8,1,'Politeness & Courtesy','Impolite tone,Raising voice,Lack of interest reflecting in tone,Arguing with customer,Laughing on call',10,'1','1'),(9,1,'Hold Procedure','ARTT not followed at all,Kept on long hold for more than 2 min',10,'1','1'),(11,2,'Opening','Incorrect/Non-Standard Greeting,Greetings not sounding clear/enthuastic,Delayed Greeting >5 Sec,No Opening',20,'1','1'),(12,2,'Active Listening','Continuous interruption (with or without apology),Multiple repetition',20,'1','1'),(13,2,'Probing','Irrelevant probing,Complete Probing was not done as required on the call',20,'1','1'),(14,2,'Customer Engagement/ Rapport Building','\"Happy to serve\" attitude was missing,Poor engagement,CSR failed to build connect with Customer,Use of negative sentences to communicate organisation stand',20,'1','1'),(15,2,'Empathy where required','Over/ repeat / unnecessary empathy,Fails to empathize,Over apology',20,'1','1'),(16,1,'Communications 1','Yes,No',10,'1','0'),(18,3,'Opening','Yes,No',20,'1','0'),(19,3,'Active Listening','Yes,No',20,'1','0'),(20,3,'Probing','Yes,No',20,'1','0'),(21,3,'Professionalism','Yes,No',20,'1','0'),(22,3,'Politeness & Courtesy','Yes,No',20,'1','0');
/*!40000 ALTER TABLE `communications` ENABLE KEYS */;
UNLOCK TABLES;

--
-- Table structure for table `department`
--

DROP TABLE IF EXISTS `department`;
/*!40101 SET @saved_cs_client     = @@character_set_client */;
/*!40101 SET character_set_client = utf8 */;
CREATE TABLE `department` (
  `id` int(20) NOT NULL AUTO_INCREMENT,
  `name` varchar(200) NOT NULL,
  `created_at` varchar(100) NOT NULL,
  PRIMARY KEY (`id`)
) ENGINE=InnoDB AUTO_INCREMENT=4 DEFAULT CHARSET=utf8;
/*!40101 SET character_set_client = @saved_cs_client */;

--
-- Dumping data for table `department`
--

LOCK TABLES `department` WRITE;
/*!40000 ALTER TABLE `department` DISABLE KEYS */;
INSERT INTO `department` VALUES (1,'Operation','29/07/2019'),(2,'Quality','29/07/2019'),(3,'Training','29/07/2019');
/*!40000 ALTER TABLE `department` ENABLE KEYS */;
UNLOCK TABLES;

--
-- Table structure for table `designation`
--

DROP TABLE IF EXISTS `designation`;
/*!40101 SET @saved_cs_client     = @@character_set_client */;
/*!40101 SET character_set_client = utf8 */;
CREATE TABLE `designation` (
  `id` int(20) NOT NULL AUTO_INCREMENT,
  `name` varchar(200) NOT NULL,
  `created_at` varchar(100) NOT NULL,
  PRIMARY KEY (`id`),
  KEY `id` (`id`)
) ENGINE=InnoDB AUTO_INCREMENT=5 DEFAULT CHARSET=utf8;
/*!40101 SET character_set_client = @saved_cs_client */;

--
-- Dumping data for table `designation`
--

LOCK TABLES `designation` WRITE;
/*!40000 ALTER TABLE `designation` DISABLE KEYS */;
INSERT INTO `designation` VALUES (1,'TL','29/07/2019'),(2,'QA','29/07/2019'),(3,'Trainer','29/07/2019'),(4,'AM','02/08/2019');
/*!40000 ALTER TABLE `designation` ENABLE KEYS */;
UNLOCK TABLES;

--
-- Table structure for table `dispositions`
--

DROP TABLE IF EXISTS `dispositions`;
/*!40101 SET @saved_cs_client     = @@character_set_client */;
/*!40101 SET character_set_client = utf8 */;
CREATE TABLE `dispositions` (
  `id` int(11) NOT NULL AUTO_INCREMENT,
  `name` varchar(100) NOT NULL,
  `status` enum('0','1') NOT NULL DEFAULT '1',
  PRIMARY KEY (`id`)
) ENGINE=InnoDB AUTO_INCREMENT=55 DEFAULT CHARSET=utf8;
/*!40101 SET character_set_client = @saved_cs_client */;

--
-- Dumping data for table `dispositions`
--

LOCK TABLES `dispositions` WRITE;
/*!40000 ALTER TABLE `dispositions` DISABLE KEYS */;
INSERT INTO `dispositions` VALUES (1,'Abrupt call disconnection','1'),(3,'Abrupt call disconnection','1'),(4,'Abusive consumer','1'),(5,'Call already hung up','1'),(6,'Consumer asked to call back','1'),(7,'Consumer informed complaint not resolved','1'),(8,'Consumer informed complaint resolved','1'),(9,'Consumer informed wrong number','1'),(10,'Consumer informed wrong complaint','1'),(11,'Abusive caller','1'),(12,'Already paid','1'),(13,'Blank caller','1'),(14,'Call disconnected by officer','1'),(15,'Call disconnected from consumer side','1'),(16,'Call not answer','1'),(17,'Complaint already taken','1'),(18,'Complaint not resolved','1'),(19,'Complaint resolved','1'),(20,'Conference disconnection','1'),(21,'Connection Dis-connected','1'),(22,'Consumer agreed to close the complaint','1'),(23,'Consumer Asked to call back','1'),(24,'Consumer asked to pay later','1'),(25,'Consumer denied to pay','1'),(26,'Consumer did not pick call','1'),(27,'consumer not able to hear','1'),(28,'Consumer voice too low','1'),(29,'Echo','1'),(30,'Follow up call to officer/Gang','1'),(31,'Information Given About Query','1'),(32,'information given to consumer on out-call','1'),(33,'information/Reminder given ot officer on out-call','1'),(34,'No Voice','1'),(35,'Officer asked to call back','1'),(36,'Officer did not pick call','1'),(37,'Officer informed complaint is resolved','1'),(38,'Officer informed complaint is under progress','1'),(39,'Officer informed complaint not resolved','1'),(40,'Officer informed complaint resolved','1'),(41,'Officer informed wrong number','1'),(42,'On call complaint taken','1'),(43,'On call complaint taken & re-raised on CRM','1'),(44,'Prank Caller','1'),(45,'Reminder given to officer','1'),(46,'Test complaint by consumer/ officer','1'),(47,'Voice Breakage','1'),(48,'Will do in same day','1'),(49,'Consumer informed IVRS / mobile number','1'),(50,'Consumer not provided the details','1'),(51,'IVRS Already Registered with mobile number','1'),(52,'Feedback Given',''),(53,'No Disposition Selected By CSA',''),(54,'Call Landed From other zone','');
/*!40000 ALTER TABLE `dispositions` ENABLE KEYS */;
UNLOCK TABLES;

--
-- Table structure for table `employee`
--

DROP TABLE IF EXISTS `employee`;
/*!40101 SET @saved_cs_client     = @@character_set_client */;
/*!40101 SET character_set_client = utf8 */;
CREATE TABLE `employee` (
  `emp_id` int(50) NOT NULL AUTO_INCREMENT,
  `process_log_id` int(11) NOT NULL,
  `msd_ID` varchar(20) NOT NULL,
  `password` varchar(255) NOT NULL,
  `emp_name` varchar(200) NOT NULL,
  `mobile` varchar(100) NOT NULL,
  `designation` int(11) NOT NULL,
  `image` text DEFAULT NULL,
  `created_at` varchar(100) NOT NULL,
  `status` int(11) NOT NULL DEFAULT 0,
  `lastLogin` date NOT NULL,
  PRIMARY KEY (`emp_id`),
  UNIQUE KEY `emp_id_2` (`emp_id`),
  KEY `emp_id` (`emp_id`)
) ENGINE=InnoDB AUTO_INCREMENT=64 DEFAULT CHARSET=utf8;
/*!40101 SET character_set_client = @saved_cs_client */;

--
-- Dumping data for table `employee`
--

LOCK TABLES `employee` WRITE;
/*!40000 ALTER TABLE `employee` DISABLE KEYS */;
INSERT INTO `employee` VALUES (5,1,'MSD17094','MSD17094','Aarti Gupta','8871858310',1,NULL,'6/8/2019',1,'2020-06-13'),(6,1,'MSD16643','MSD16643','Anjay Kumar','9926851328',4,NULL,'6/8/2019',1,'2020-07-15'),(7,1,'MSD15860','MSD15860','Vaibhav Yadav','9993100688',4,NULL,'6/8/2019',1,'2020-06-25'),(8,1,'MSD2496','MSD2496','Uma Sharan Mishra','9109622999',2,'uploads/5d773e1cb17e0_Tulips.jpg','6/8/2019',1,'2020-06-12'),(9,1,'MSD13395','MSD13395','Ajay Dubey','9109622999',2,'uploads/5d8d9eab36398_A.png','23/08/2019',1,'0000-00-00'),(10,1,'MSD17108','MSD17108','Neelesh Mastkar','9109622999',4,NULL,'23/08/2019',0,'2020-07-15'),(11,1,'MSD16680','MSD16680','Lakshmi dewangan','9109622999',1,NULL,'23/08/2019',1,'2020-06-17'),(12,1,'MSD16681','MSD16681','Sati Sahu','9109622999',1,NULL,'23/08/2019',1,'0000-00-00'),(13,1,'MSD16682','MSD16682','Vikas Yadav','9109622999',1,NULL,'23/08/2019',1,'0000-00-00'),(14,1,'MSD16520','MSD16520','Prashant Rajput','9109622999',1,NULL,'23/08/2019',1,'0000-00-00'),(15,1,'MSD15861','MSD15861','Shahbaz Khan','9109622999',1,NULL,'23/08/2019',1,'0000-00-00'),(16,1,'MSD17093','MSD17093','Prashant Tiwari','9109622999',1,NULL,'23/08/2019',1,'0000-00-00'),(17,1,'MSD17136','MSD17136','Pradeep Tembhre','9109622999',1,NULL,'23/08/2019',1,'0000-00-00'),(18,1,'MSD17293','MSD17293','Pradip Birla','9109622999',1,NULL,'23/08/2019',1,'0000-00-00'),(19,1,'MSD13609','MSD13609','ChandanKumar Jangade','9109622999',1,NULL,'23/08/2019',1,'0000-00-00'),(20,1,'MSD16011','MSD16011','Sanyogita Raikwar','90109622999',3,NULL,'23/08/2019',1,'0000-00-00'),(21,1,'MSD16012','MSD16012','Ambuj Sharma','9685970999',2,'uploads/5d77800a0d0a6_WhatsApp Image 2019-09-10 at 4.19.24 PM.jpeg','23/08/2019',1,'0000-00-00'),(22,1,'MSD16661','MSD16661','Abhishek Kushwaha','9109622999',3,NULL,'23/08/2019',1,'0000-00-00'),(23,1,'MSD19349','MSD19349','Mayur Bhalerao','7389048007',2,NULL,'9/10/2019',1,'0000-00-00'),(24,1,'MSD19714','MSD19714','Neeras Dhruw','9109622999',1,NULL,'5/11/2019',1,'0000-00-00'),(25,1,'MSD16303','MSD16303','Govind sanodiya','9981234008',2,NULL,'18/11/2019',1,'0000-00-00'),(26,1,'abhi','abhi','Abhishek Sir','8982126351',2,'uploads/5eeb3ac1db95c_SAROJ BHURA.jpeg','30/11/2019',1,'0000-00-00'),(28,2,'CMHL2496','CMHL2496','Uma Sharan Mishra','9109622999',2,'','2019-06-08',1,'2020-04-20'),(29,2,'CMHL18016','CMHL18016','Kshipra Jharbade','9685970999',2,'','2019-06-09',1,'2020-02-06'),(30,2,'CMHL18226','CMHL18226','Raghvendra Rajoriya','9685970999',2,'','2019-06-10',1,'2020-02-05'),(31,2,'CMHL19226','CMHL19226','Devesh Pratap Singh','9685970999',2,'','2019-06-11',1,'2020-02-03'),(32,2,'CMHL18268','CMHL18268','Hemlata Vishwakarma','9685970999',2,'','2019-06-12',1,'2020-02-06'),(33,2,'CMHL17938','CMHL17938','Arifa','9109622999',1,'','2019-06-13',1,'2020-02-05'),(34,2,'CMHL17720','CMHL17720','Hemlata Rajak','9109622999',1,'','2019-06-14',1,'2020-02-06'),(35,2,'CMHL18076','CMHL18076','Pooja Gour','9109622999',1,'','2019-06-15',1,'2020-02-05'),(36,2,'CMHL3702','CMHL3702','Vasid Khan','9109622999',1,'','2019-06-16',1,'2020-02-06'),(37,2,'CMHL17920','CMHL17920','Alka Singh','9109622999',1,'','2019-06-17',1,'2020-02-06'),(38,2,'CMHL18823','CMHL18823','Laxmi Sharma','9109622999',1,'','2019-06-18',1,'2020-02-06'),(39,2,'CMHL18072','CMHL18072','Pinky Nayak','9109622999',1,'','2019-06-19',1,'2020-06-13'),(40,2,'CMHL18269','CMHL18269','Sunita Joshi','9109622999',1,'','2019-06-20',1,'2020-02-03'),(41,2,'CMHL18246','CMHL18246','Amarnath Mishra','9109622999',1,'','2019-06-21',1,'2020-06-13'),(42,2,'CMHL17989','CMHL17989','Harish Sahu','9109622999',1,'','2019-06-22',1,'2020-02-04'),(43,2,'CMHL17719','CMHL17719','Kamlesh Shrivas','9109622999',1,'','2019-06-23',1,'2020-02-05'),(44,2,'CMHL18049','CMHL18049','Neelesh SAHU','9109622999',1,'','2019-06-24',1,'2020-02-05'),(45,2,'CMHL18520','CMHL18520','Uttam Thakur','9109622999',1,'','2019-06-25',1,'2020-02-05'),(46,2,'CMHL18294','CMHL18294','Brijesh Yadav','9109622999',1,'','2019-06-26',1,'2020-02-05'),(47,2,'CMHL18308','CMHL18308','Lav kumar Athankar','9109622999',1,'','2019-06-27',1,'2020-07-15'),(48,2,'CMHL18264','CMHL18264','Suryakant Pachori','9109622999',1,'','2019-06-28',1,'2020-02-05'),(49,2,'CMHL4422','CMHL4422','Atul dixit','9109622999',1,'','2019-06-29',1,'2020-02-05'),(50,2,'CMHL18530','CMHL18530','Gajraj singh','9109622999',1,'','2019-06-30',1,'2020-02-05'),(51,2,'CMHL18295','CMHL18295','Gulfam Khan','9109622999',1,'','2019-07-01',1,'2020-02-06'),(52,2,'CMHL18847','CMHL18847','Manisha Thakur','9109622999',1,'','2019-07-02',1,'2020-02-06'),(53,2,'ajaymali','ajaymali','Ajay mali','8982126351',4,'','2019-07-03',1,'2020-01-09'),(54,2,'CMHL18292','CMHL18292','Mahesh Sen','9109622999',2,'','2019-07-04',1,'2020-02-05'),(55,2,'CMHL18183','CMHL18183','Soniya Mahaver','9109622999',2,'','2019-07-05',1,'2020-03-13'),(56,2,'CMHL18687','CMHL18687','Anshumati','9109622999',1,'','2019-07-06',1,'2020-02-06'),(57,2,'CMHL18587','CMHL18587','Neha','9109622999',1,'','2019-07-07',1,'2020-02-06'),(58,2,'CMHL17721','CMHL17721','Sanjay Khare','9109622999',3,'','2019-07-08',1,'0000-00-00'),(59,2,'CMHL18501','CMHL18501','Rupesh Jain','9109622999',1,'','2019-07-09',1,'2020-03-03'),(61,3,'NIYO17631','MSD17631','DEMO TL','8982126351',1,NULL,'15/07/2020',1,'0000-00-00'),(62,3,'NIYO12345','MSD12345','DEMO AM','8982126351',4,NULL,'15/07/2020',1,'0000-00-00'),(63,3,'NIYO123456','NIYO123456','DEMO QA','8982126351',2,NULL,'15/07/2020',1,'0000-00-00');
/*!40000 ALTER TABLE `employee` ENABLE KEYS */;
UNLOCK TABLES;

--
-- Table structure for table `fatal_reason`
--

DROP TABLE IF EXISTS `fatal_reason`;
/*!40101 SET @saved_cs_client     = @@character_set_client */;
/*!40101 SET character_set_client = utf8 */;
CREATE TABLE `fatal_reason` (
  `id` int(11) NOT NULL AUTO_INCREMENT,
  `name` varchar(100) NOT NULL,
  `status` enum('0','1') NOT NULL DEFAULT '1',
  PRIMARY KEY (`id`)
) ENGINE=InnoDB AUTO_INCREMENT=18 DEFAULT CHARSET=utf8;
/*!40101 SET character_set_client = @saved_cs_client */;

--
-- Dumping data for table `fatal_reason`
--

LOCK TABLES `fatal_reason` WRITE;
/*!40000 ALTER TABLE `fatal_reason` DISABLE KEYS */;
INSERT INTO `fatal_reason` VALUES (1,'Abuses the customer','1'),(2,'Passes sarcastic / Impolite remarks','1'),(3,'Laughs at the customer','1'),(4,'Putting blame on other departments/employees/company','1'),(5,'Shares/asks personal information','1'),(6,'Advisor abruptly disconnects the call while customer was still talking','1'),(7,'No complaint taken as per consumer concern','1'),(8,'No request taken as per consumer concern','1'),(9,'Complaint taken under incorrect category','1'),(10,'Request taken under incorrect category','1'),(11,'Incorrect and incomplete information given','1'),(12,'Incorrect and incomplete complaint number informed','1'),(13,'Wrong commitment given','1'),(14,'Incorrect action selected under complaint followUp / Feedback','1'),(15,'No action selected under complaint followUp / Feedback','1'),(16,'Complaint did not require it could be an FTR','1'),(17,'Complaint taken without IVRS number whereas it was mandatory','1');
/*!40000 ALTER TABLE `fatal_reason` ENABLE KEYS */;
UNLOCK TABLES;

--
-- Table structure for table `feedback_status`
--

DROP TABLE IF EXISTS `feedback_status`;
/*!40101 SET @saved_cs_client     = @@character_set_client */;
/*!40101 SET character_set_client = utf8 */;
CREATE TABLE `feedback_status` (
  `id` int(11) NOT NULL AUTO_INCREMENT,
  `name` varchar(20) NOT NULL,
  `status` tinyint(1) NOT NULL,
  PRIMARY KEY (`id`)
) ENGINE=InnoDB AUTO_INCREMENT=5 DEFAULT CHARSET=utf8;
/*!40101 SET character_set_client = @saved_cs_client */;

--
-- Dumping data for table `feedback_status`
--

LOCK TABLES `feedback_status` WRITE;
/*!40000 ALTER TABLE `feedback_status` DISABLE KEYS */;
INSERT INTO `feedback_status` VALUES (1,'Close',1),(2,'Pending',1),(4,'NA',1);
/*!40000 ALTER TABLE `feedback_status` ENABLE KEYS */;
UNLOCK TABLES;

--
-- Table structure for table `ftp`
--

DROP TABLE IF EXISTS `ftp`;
/*!40101 SET @saved_cs_client     = @@character_set_client */;
/*!40101 SET character_set_client = utf8 */;
CREATE TABLE `ftp` (
  `id` int(11) NOT NULL AUTO_INCREMENT,
  `upload_by` int(11) NOT NULL,
  `file_name` varchar(255) NOT NULL,
  `filename` varchar(200) NOT NULL,
  `fileurl` varchar(200) NOT NULL,
  `dateof` timestamp NOT NULL DEFAULT current_timestamp(),
  `status` enum('0','1') NOT NULL DEFAULT '1',
  PRIMARY KEY (`id`)
) ENGINE=InnoDB DEFAULT CHARSET=utf8;
/*!40101 SET character_set_client = @saved_cs_client */;

--
-- Dumping data for table `ftp`
--

LOCK TABLES `ftp` WRITE;
/*!40000 ALTER TABLE `ftp` DISABLE KEYS */;
/*!40000 ALTER TABLE `ftp` ENABLE KEYS */;
UNLOCK TABLES;

--
-- Table structure for table `ftp_agents`
--

DROP TABLE IF EXISTS `ftp_agents`;
/*!40101 SET @saved_cs_client     = @@character_set_client */;
/*!40101 SET character_set_client = utf8 */;
CREATE TABLE `ftp_agents` (
  `id` int(11) NOT NULL AUTO_INCREMENT,
  `upload_by` int(11) NOT NULL,
  `file_name` varchar(255) NOT NULL,
  `filename` varchar(200) NOT NULL,
  `fileurl` varchar(200) NOT NULL,
  `dateof` timestamp NOT NULL DEFAULT current_timestamp(),
  `status` enum('0','1') NOT NULL DEFAULT '1',
  PRIMARY KEY (`id`)
) ENGINE=InnoDB AUTO_INCREMENT=2 DEFAULT CHARSET=utf8;
/*!40101 SET character_set_client = @saved_cs_client */;

--
-- Dumping data for table `ftp_agents`
--

LOCK TABLES `ftp_agents` WRITE;
/*!40000 ALTER TABLE `ftp_agents` DISABLE KEYS */;
INSERT INTO `ftp_agents` VALUES (1,81,'uploads/ftp_agents/123456.xlsx','123456.xlsx','uploads/ftp_agents/123456.xlsx','2019-11-19 11:20:53','1');
/*!40000 ALTER TABLE `ftp_agents` ENABLE KEYS */;
UNLOCK TABLES;

--
-- Table structure for table `idms`
--

DROP TABLE IF EXISTS `idms`;
/*!40101 SET @saved_cs_client     = @@character_set_client */;
/*!40101 SET character_set_client = utf8 */;
CREATE TABLE `idms` (
  `id` int(11) NOT NULL AUTO_INCREMENT,
  `Login_ID` varchar(20) NOT NULL,
  `EMP_ID` varchar(20) NOT NULL,
  `CRM_ID` varchar(20) NOT NULL,
  `CCR_Name` varchar(20) NOT NULL,
  `TL_Name` varchar(20) NOT NULL,
  `AM_Name` varchar(20) NOT NULL,
  `Shift` varchar(20) NOT NULL,
  `DOP` varchar(20) NOT NULL,
  `Batch_No` varchar(20) NOT NULL,
  PRIMARY KEY (`id`)
) ENGINE=InnoDB AUTO_INCREMENT=266 DEFAULT CHARSET=utf8;
/*!40101 SET character_set_client = @saved_cs_client */;

--
-- Dumping data for table `idms`
--

LOCK TABLES `idms` WRITE;
/*!40000 ALTER TABLE `idms` DISABLE KEYS */;
INSERT INTO `idms` VALUES (2,'MSD16552','MSD16552','MSD16552','Shilpa Kori','Aarti Gupta','Anjay Kumar','06:00-14:30','31-Jan-19','MPPKVVCL_03'),(3,'MSD16448','MSD16448','MSD16448','Reeta Tiwari','Aarti Gupta','Anjay Kumar','06:00-14:30','17-Jan-19','MPPKVVCL_02'),(4,'MSD15810','MSD15810','MSD15810','Sonali Vishwakarma','Aarti Gupta','Anjay Kumar','06:00-14:30','11-Oct-18','MPPKVVCL_01'),(5,'MSD16553','MSD16553','MSD16553','Chaya Vishwakarma','Aarti Gupta','Anjay Kumar','06:00-14:30','31-Jan-19','MPPKVVCL_03'),(6,'MSD16528','MSD16528','MSD16528','Rakhi Vishwakarma','Aarti Gupta','Anjay Kumar','06:00-14:30','31-Jan-19','MPPKVVCL_03'),(7,'MSD15795','MSD15795','MSD15795','Deepali Gupta','Aarti Gupta','Anjay Kumar','06:00-14:30','11-Oct-18','MPPKVVCL_01'),(8,'MSD15883','MSD15883','MSD15883','Kiran Pateliya ','Aarti Gupta','Anjay Kumar','06:00-14:30','11-Oct-18','MPPKVVCL_01'),(9,'MSD16874','MSD16874','MSD16874','Kanchan Dubey','Aarti Gupta','Anjay Kumar','06:00-14:30','2-Mar-19','MPPKVVCL_07'),(10,'MSD17002','MSD17002','MSD17002','Jyoti Jaiswal','Aarti Gupta','Anjay Kumar','06:00-14:30','15-Mar-19','MPPKVVCL_08'),(11,'MSD17003','MSD17003','MSD17003','Shivani Pathak','Aarti Gupta','Anjay Kumar','06:00-14:30','16-Mar-19','MPPKVVCL_08'),(12,'MSD17004','MSD17004','MSD17004','Ashu Gupta','Aarti Gupta','Anjay Kumar','06:00-14:30','15-Mar-19','MPPKVVCL_08'),(13,'MSD17006','MSD17006','MSD17006','Muskan Katoch','Aarti Gupta','Anjay Kumar','06:00-14:30','15-Mar-19','MPPKVVCL_08'),(14,'MSD17011','MSD17011','MSD17011','Poornima Sondhiya','Aarti Gupta','Anjay Kumar','06:00-14:30','15-Mar-19','MPPKVVCL_08'),(15,'MSD17056','MSD17056','MSD17056','Shristy Ward','Aarti Gupta','Anjay Kumar','06:00-14:30','27-Mar-19','MPPKVVCL_09'),(16,'MSD17069','MSD17069','MSD17069','Swati Shrivastava','Aarti Gupta','Anjay Kumar','06:00-14:30','27-Mar-19','MPPKVVCL_09'),(17,'MSD17070','MSD17070','MSD17070','Ankita Patel','Aarti Gupta','Anjay Kumar','06:00-14:30','27-Mar-19','MPPKVVCL_09'),(18,'MSD17071','MSD17071','MSD17071','Palak Rawat','Aarti Gupta','Anjay Kumar','06:00-14:30','27-Mar-19','MPPKVVCL_09'),(19,'MSD17072','MSD17072','MSD17072','Pooja Chakarwarti','Aarti Gupta','Anjay Kumar','06:00-14:30','27-Mar-19','MPPKVVCL_09'),(20,'MSD17075','MSD17075','MSD17075','Amrita Singh','Aarti Gupta','Anjay Kumar','06:00-14:30','27-Mar-19','MPPKVVCL_09'),(21,'MSD17076','MSD17076','MSD17076','Jyoti Ahirwar','Aarti Gupta','Anjay Kumar','06:00-14:30','27-Mar-19','MPPKVVCL_09'),(22,'MSD17138','MSD17138','MSD17138','Pinky Patel ','Aarti Gupta','Anjay Kumar','06:00-14:30','14-Apr-19','MPPKVVCL_10'),(23,'MSD17140','MSD17140','MSD17140','Kaynat Bano Qureshi','Aarti Gupta','Anjay Kumar','06:00-14:30','14-Apr-19','MPPKVVCL_10'),(24,'MSD17142','MSD17142','MSD17142','Mayanka Saxena','Aarti Gupta','Anjay Kumar','06:00-14:30','14-Apr-19','MPPKVVCL_10'),(25,'MSD16551','MSD16551','MSD16551','Saira Begum Mansoori','Lakshmi dewangan','Vaibhav Yadav','06:00-14:30','31-Jan-19','MPPKVVCL_03'),(26,'MSD16526','MSD16526','MSD16526','Anibha Kewat','Lakshmi dewangan','Vaibhav Yadav','06:00-14:30','31-Jan-19','MPPKVVCL_03'),(27,'MSD16561','MSD16561','MSD16561','Mahima Ben','Lakshmi dewangan','Vaibhav Yadav','06:00-14:30','31-Jan-19','MPPKVVCL_03'),(28,'MSD15898','MSD15898','MSD15898','Swati Lodhi ','Lakshmi dewangan','Vaibhav Yadav','06:00-14:30','14-Oct-18','MPPKVVCL_01'),(29,'MSD16447','MSD16447','MSD16447','Ayushi Mehra','Lakshmi dewangan','Vaibhav Yadav','06:00-14:30','17-Jan-19','MPPKVVCL_02'),(30,'MSD15813','MSD15813','MSD15813','Varsha Kacchi','Lakshmi dewangan','Vaibhav Yadav','06:00-14:30','11-Oct-18','MPPKVVCL_01'),(31,'MSD16449','MSD16449','MSD16449','Poonam Sonwani','Lakshmi dewangan','Vaibhav Yadav','06:00-14:30','17-Jan-19','MPPKVVCL_02'),(32,'MSD16523','MSD16523','MSD16523','Jyoti Choudhary','Lakshmi dewangan','Vaibhav Yadav','06:00-14:30','31-Jan-19','MPPKVVCL_03'),(33,'MSD16525','MSD16525','MSD16525','Ankita Gotel ','Lakshmi dewangan','Vaibhav Yadav','06:00-14:30','1-Feb-19','MPPKVVCL_03'),(34,'MSD16530','MSD16530','MSD16530','Sheetal Singh','Lakshmi dewangan','Vaibhav Yadav','06:00-14:30','1-Feb-19','MPPKVVCL_03'),(35,'MSD16869','MSD16869','MSD16869','Vaisnavi Bhaskar','Lakshmi dewangan','Vaibhav Yadav','06:00-14:30','2-Mar-19','MPPKVVCL_07'),(36,'MSD16897','MSD16897','MSD16897','Richa Sahu','Lakshmi dewangan','Vaibhav Yadav','06:00-14:30','2-Mar-19','MPPKVVCL_07'),(37,'MSD16888','MSD16888','MSD16888','Upasna Patel','Lakshmi dewangan','Vaibhav Yadav','06:00-14:30','3-Mar-19','MPPKVVCL_07'),(38,'MSD16986','MSD16986','MSD16986','Jyoti Sharma','Lakshmi dewangan','Vaibhav Yadav','06:00-14:30','15-Mar-19','MPPKVVCL_08'),(39,'MSD16996','MSD16996','MSD16996','Pooja Jaiswal','Lakshmi dewangan','Vaibhav Yadav','06:00-14:30','15-Mar-19','MPPKVVCL_08'),(40,'MSD16997','MSD16997','MSD16997','Raksha Mansoriya','Lakshmi dewangan','Vaibhav Yadav','06:00-14:30','15-Mar-19','MPPKVVCL_08'),(41,'MSD16998','MSD16998','MSD16998','Shikha Jha','Lakshmi dewangan','Vaibhav Yadav','06:00-14:30','15-Mar-19','MPPKVVCL_08'),(42,'MSD17000','MSD17000','MSD17000','Shikha Pathak','Lakshmi dewangan','Vaibhav Yadav','06:00-14:30','15-Mar-19','MPPKVVCL_08'),(43,'MSD17001','MSD17001','MSD17001','Pooja Dubey','Lakshmi dewangan','Vaibhav Yadav','06:00-14:30','15-Mar-19','MPPKVVCL_08'),(44,'MSD16612','MSD16612','MSD16612','Ashwani Singh Thakur','Pradeep Tembhre','Neelesh Mastkar','14:30-23:00','8-Feb-19','MPPKVVCL_04'),(45,'MSD17143','MSD17143','MSD17143','Megha Rathore','Lakshmi dewangan','Vaibhav Yadav','06:00-14:30','14-Apr-19','MPPKVVCL_10'),(46,'MSD16535','MSD16535','MSD16535','Shivani Vyas','Sati Sahu','Neelesh Mastkar','06:00-14:30','31-Jan-19','MPPKVVCL_03'),(47,'MSD17147','MSD17147','MSD17147','Nishant Pathak ','Pradeep Tembhre','Neelesh Mastkar','14:30-23:00','14-Apr-19','MPPKVVCL_10'),(48,'MSD17161','MSD17161','MSD17161','Rahul Vishwakarma','Pradeep Tembhre','Neelesh Mastkar','14:30-23:00','14-Apr-19','MPPKVVCL_10'),(49,'MSD17155','MSD17155','MSD17155','Rajkumar Lodhi ','Pradeep Tembhre','Neelesh Mastkar','23:00-07:30','14-Apr-19','MPPKVVCL_10'),(50,'MSD17156','MSD17156','MSD17156','Hari singh Thakur','Pradeep Tembhre','Neelesh Mastkar','23:00-07:30','14-Apr-19','MPPKVVCL_10'),(51,'MSD17149','MSD17149','MSD17149','Abhishek Kuswaha','Pradeep Tembhre','Neelesh Mastkar','14:30-23:00','14-Apr-19','MPPKVVCL_10'),(52,'MSD15875','MSD15875','MSD15875','Sangeeta Kori','Sati Sahu','Neelesh Mastkar','06:00-14:30','11-Oct-18','MPPKVVCL_01'),(53,'MSD17154','MSD17154','MSD17154','Shubham Kashyap','Pradeep Tembhre','Neelesh Mastkar','14:30-23:00','14-Apr-19','MPPKVVCL_10'),(54,'MSD17160','MSD17160','MSD17160','Akesh Kumar Ahirwar','Pradeep Tembhre','Neelesh Mastkar','14:30-23:00','14-Apr-19','MPPKVVCL_10'),(55,'MSD17158','MSD17158','MSD17158','Rahul Yadav ','Pradeep Tembhre','Neelesh Mastkar','14:30-23:00','14-Apr-19','MPPKVVCL_10'),(56,'MSD16692','MSD16692','MSD16692','Kanchan Mishra','Sati Sahu','Neelesh Mastkar','06:00-14:30','14-Feb-19','MPPKVVCL_05'),(57,'MSD17170','MSD17170','MSD17170','Manish Rane','Pradeep Tembhre','Neelesh Mastkar','14:30-23:00','14-Apr-19','MPPKVVCL_10'),(58,'MSD16633','MSD16633','MSD16633','Amit Kushwaha','Pradip Birla','Anjay Kumar','14:30-23:00','8-Feb-19','MPPKVVCL_04'),(59,'MSD16548','MSD16548','MSD16548','Amit Shrivas','Prashant Rajput','Anjay Kumar','23:00-07:30','31-Jan-19','MPPKVVCL_03'),(60,'MSD16781','MSD16781','MSD16781','Anand Singh','Chandan Jangade','Neelesh Mastkar','23:00-07:30','22-Feb-19','MPPKVVCL_06'),(61,'MSD16634','MSD16634','MSD16634','Anshu Verma','Prashant Rajput','Anjay Kumar','14:30-23:00','8-Feb-19','MPPKVVCL_04'),(62,'MSD16629','MSD16629','MSD16629','Atul Vishwakarma','Pradip Birla','Anjay Kumar','14:30-23:00','9-Feb-19','MPPKVVCL_04'),(63,'MSD16627','MSD16627','MSD16627','Balkrishna Tiwari','Prashant Rajput','Anjay Kumar','14:30-23:00','8-Feb-19','MPPKVVCL_04'),(64,'MSD16879','MSD16879','MSD16879','Brijesh Kushwaha','Pradip Birla','Anjay Kumar','14:30-23:00','5-Mar-19','MPPKVVCL_07'),(65,'MSD16984','MSD16984','MSD16984','Deepak Mehra','Prashant Rajput','Anjay Kumar','14:30-23:00','16-Mar-19','MPPKVVCL_08'),(66,'MSD16792','MSD16792','MSD16792','Dharmendra Kushwaha','Prashant Rajput','Anjay Kumar','14:30-23:00','22-Feb-19','MPPKVVCL_06'),(67,'MSD16718','MSD16718','MSD16718','Gaurav Mukharji','Prashant Rajput','Anjay Kumar','14:30-23:00','14-Feb-19','MPPKVVCL_05'),(68,'MSD17164','MSD17164','MSD17164','Rishabh Patel','Pradeep Tembhre','Neelesh Mastkar','14:30-23:00','14-Apr-19','MPPKVVCL_10'),(69,'MSD16988','MSD16988','MSD16988','Jeetanshu Chouksey','Prashant Rajput','Anjay Kumar','14:30-23:00','15-Mar-19','MPPKVVCL_08'),(70,'MSD17159','MSD17159','MSD17159','Sourabh Shukla ','Pradeep Tembhre','Neelesh Mastkar','14:30-23:00','14-Apr-19','MPPKVVCL_10'),(71,'MSD16864','MSD16864','MSD16864','Monu Barman','Prashant Rajput','Anjay Kumar','14:30-23:00','2-Mar-19','MPPKVVCL_07'),(72,'MSD16442','MSD16442','MSD16442','Pankaj Kumar Lodhi','Prashant Rajput','Anjay Kumar','14:30-23:00','17-Jan-19','MPPKVVCL_02'),(73,'MSD15870','MSD15870','MSD15870','Pawan kumr Barman','Prashant Rajput','Anjay Kumar','14:30-23:00','11-Oct-18','MPPKVVCL_01'),(74,'MSD16623','MSD16623','MSD16623','Pradeep Choubey','Prashant Rajput','Anjay Kumar','14:30-23:00','8-Feb-19','MPPKVVCL_04'),(75,'MSD16880','MSD16880','MSD16880','Raju Prasad Raghuwan','Prashant Rajput','Anjay Kumar','14:30-23:00','2-Mar-19','MPPKVVCL_07'),(76,'MSD16989','MSD16989','MSD16989','Rishabh Kushwaha','Prashant Rajput','Anjay Kumar','14:30-23:00','15-Mar-19','MPPKVVCL_08'),(77,'MSD16453','MSD16453','MSD16453','Rohit Kushwaha','Prashant Rajput','Anjay Kumar','23:00-07:30','17-Jan-19','MPPKVVCL_02'),(78,'MSD16780','MSD16780','MSD16780','Ronak Rawat','Chandan Jangade','Anjay Kumar','14:30-23:00','22-Feb-19','MPPKVVCL_06'),(79,'MSD16568','MSD16568','MSD16568','Sanjay Giri Goswami','Prashant Rajput','Anjay Kumar','23:00-07:30','31-Jan-19','MPPKVVCL_03'),(80,'MSD16799','MSD16799','MSD16799','Sanket Mishra','Prashant Rajput','Anjay Kumar','14:30-23:00','22-Feb-19','MPPKVVCL_06'),(81,'MSD16889','MSD16889','MSD16889','Satyam Mishra','Chandan Jangade','Neelesh Mastkar','14:30-23:00','2-Mar-19','MPPKVVCL_07'),(82,'MSD16977','MSD16977','MSD16977','Vikash Mehra','Prashant Rajput','Anjay Kumar','14:30-23:00','15-Mar-19','MPPKVVCL_08'),(83,'MSD16618','MSD16618','MSD16618','Vikki Yadav','Prashant Rajput','Anjay Kumar','14:30-23:00','8-Feb-19','MPPKVVCL_04'),(84,'MSD16708','MSD16708','MSD16708','Abhishek Rajpoot','Prashant Tiwari','Vaibhav Yadav','23:00-07:30','14-Feb-19','MPPKVVCL_05'),(85,'MSD16539','MSD16539','MSD16539','Aditya Kurmi','Prashant Tiwari','Vaibhav Yadav','14:30-23:00','31-Jan-19','MPPKVVCL_03'),(86,'MSD16687','MSD16687','MSD16687','Aizaj Ahmed Ansari','Prashant Tiwari','Vaibhav Yadav','14:30-23:00','14-Feb-19','MPPKVVCL_05'),(87,'MSD16761','MSD16761','MSD16761','Akash Bagri','Prashant Tiwari','Vaibhav Yadav','23:00-07:30','23-Feb-19','MPPKVVCL_06'),(88,'MSD16865','MSD16865','MSD16865','Akash Winton','Pradeep Tembhre','Neelesh Mastkar','14:30-23:00','2-Mar-19','MPPKVVCL_07'),(89,'MSD16707','MSD16707','MSD16707','Alvin Stephen','Chandan Jangade','Neelesh Mastkar','23:00-07:30','14-Feb-19','MPPKVVCL_05'),(90,'MSD16710','MSD16710','MSD16710','Amit Patel','Prashant Tiwari','Vaibhav Yadav','14:30-23:00','14-Feb-19','MPPKVVCL_05'),(91,'MSD16983','MSD16983','MSD16983','Amit Sen','Prashant Tiwari','Vaibhav Yadav','14:30-23:00','15-Mar-19','MPPKVVCL_08'),(92,'MSD16712','MSD16712','MSD16712','Ankit Bansal','Prashant Tiwari','Vaibhav Yadav','14:30-23:00','14-Feb-19','MPPKVVCL_05'),(93,'MSD16635','MSD16635','MSD16635','Pradeep Kushwaha','Pradeep Tembhre','Neelesh Mastkar','14:30-23:00','8-Feb-19','MPPKVVCL_04'),(94,'MSD16973','MSD16973','MSD16973','Deepanshu Chouksay','Prashant Tiwari','Vaibhav Yadav','14:30-23:00','15-Mar-19','MPPKVVCL_08'),(95,'MSD16981','MSD16981','MSD16981','Dheeraj Rai','Prashant Tiwari','Vaibhav Yadav','14:30-23:00','15-Mar-19','MPPKVVCL_08'),(96,'MSD16564','MSD16564','MSD16564','Puneet Patel','Chandan Jangade','Anjay Kumar','14:30-23:00','31-Jan-19','MPPKVVCL_03'),(97,'MSD16705','MSD16705','MSD16705','Keshari Prasad Vishw','Chandan Jangade','Neelesh Mastkar','14:30-23:00','14-Feb-19','MPPKVVCL_05'),(98,'MSD16704','MSD16704','MSD16704','Manoj Dhage','Prashant Tiwari','Vaibhav Yadav','14:30-23:00','14-Feb-19','MPPKVVCL_05'),(99,'MSD17074','MSD17074','MSD17074','Mukesh Patel','Pradip Birla','Anjay Kumar','14:30-23:00','27-Mar-19','MPPKVVCL_09'),(100,'MSD16882','MSD16882','MSD16882','Naresh Lodhi','Prashant Tiwari','Vaibhav Yadav','14:30-23:00','2-Mar-19','MPPKVVCL_07'),(101,'MSD16793','MSD16793','MSD16793','Ravi Kumar patel','Pradeep Tembhre','Neelesh Mastkar','14:30-23:00','22-Feb-19','MPPKVVCL_06'),(102,'MSD16994','MSD16994','MSD16994','Prateek Kumar Dubey','Prashant Tiwari','Vaibhav Yadav','14:30-23:00','15-Mar-19','MPPKVVCL_08'),(103,'MSD16688','MSD16688','MSD16688','Rupesh Chouksey','Prashant Tiwari','Vaibhav Yadav','14:30-23:00','14-Feb-19','MPPKVVCL_05'),(104,'MSD17068','MSD17068','MSD17068','Shubham Mallah','Pradeep Tembhre','Neelesh Mastkar','14:30-23:00','27-Mar-19','MPPKVVCL_09'),(105,'MSD16980','MSD16980','MSD16980','Sharad patel','Prashant Tiwari','Vaibhav Yadav','23:00-07:30','15-Mar-19','MPPKVVCL_08'),(106,'MSD16993','MSD16993','MSD16993','Shivam Upadhaya','Chandan Jangade','Anjay Kumar','14:30-23:00','16-Mar-19','MPPKVVCL_08'),(107,'MSD15881','MSD15881','MSD15881','Umesh Ahirwar','Prashant Tiwari','Vaibhav Yadav','23:00-07:30','11-Oct-18','MPPKVVCL_01'),(108,'MSD16533','MSD16533','MSD16533','Vijay Singh Thakur ','Prashant Tiwari','Vaibhav Yadav','14:30-23:00','31-Jan-19','MPPKVVCL_03'),(109,'MSD16701','MSD16701','MSD16701','Anurag Vishwakarma','Prashant Tiwari','Vaibhav Yadav','14:30-23:00','15-Feb-19','MPPKVVCL_05'),(110,'MSD16713','MSD16713','MSD16713','Honey Shivhare','Chandan Jangade','Vaibhav Yadav','23:00-07:30','14-Feb-19','MPPKVVCL_05'),(111,'MSD16978','MSD16978','MSD16978','Pawan Luniya','Pradip Birla','Anjay Kumar','14:30-23:00','15-Mar-19','MPPKVVCL_08'),(112,'MSD16714','MSD16714','MSD16714','Aman Jain','Pradip Birla','Anjay Kumar','23:00-07:30','14-Feb-19','MPPKVVCL_05'),(113,'MSD16700','MSD16700','MSD16700','Adarsh Soni','Shahbaz Khan','Neelesh Mastkar','23:00-07:30','14-Feb-19','MPPKVVCL_05'),(114,'MSD16549','MSD16549','MSD16549','Ajay Goutam','Chandan Jangade','Neelesh Mastkar','14:30-23:00','31-Jan-19','MPPKVVCL_03'),(115,'MSD16894','MSD16894','MSD16894','Rishika Vishwakarma','Sati Sahu','Neelesh Mastkar','06:00-14:30','2-Mar-19','MPPKVVCL_07'),(116,'MSD16531','MSD16531','MSD16531','Nidhi Vishwakarma','Sati Sahu','Neelesh Mastkar','06:00-14:30','31-Jan-19','MPPKVVCL_03'),(117,'MSD16532','MSD16532','MSD16532','Prince yadav','Prashant Tiwari','Vaibhav Yadav','14:30-23:00','31-Jan-19','MPPKVVCL_03'),(118,'MSD16858','MSD16858','MSD16858','Ajay Tiwari','Pradeep Tembhre','Neelesh Mastkar','23:00-07:30','2-Mar-19','MPPKVVCL_07'),(119,'MSD16446','MSD16446','MSD16446','Poonam Nath','Sati Sahu','Neelesh Mastkar','06:00-14:30','17-Jan-19','MPPKVVCL_02'),(120,'MSD16562','MSD16562','MSD16562','Sugandha Thakur','Sati Sahu','Neelesh Mastkar','06:00-14:30','31-Jan-19','MPPKVVCL_03'),(121,'MSD16554','MSD16554','MSD16554','Ankita Choudhary','Sati Sahu','Neelesh Mastkar','06:00-14:30','31-Jan-19','MPPKVVCL_03'),(122,'MSD16524','MSD16524','MSD16524','Cheenu Singh','Sati Sahu','Neelesh Mastkar','06:00-14:30','31-Jan-19','MPPKVVCL_03'),(123,'MSD16450','MSD16450','MSD16450','Preeti khatri','Sati Sahu','Neelesh Mastkar','06:00-14:30','17-Jan-19','MPPKVVCL_02'),(124,'MSD16689','MSD16689','MSD16689','Kanchan Vishwakarma','Sati Sahu','Neelesh Mastkar','06:00-14:30','14-Feb-19','MPPKVVCL_05'),(125,'MSD16691','MSD16691','MSD16691','Anamika Tiwari','Sati Sahu','Neelesh Mastkar','06:00-14:30','14-Feb-19','MPPKVVCL_05'),(126,'MSD16719','MSD16719','MSD16719','Khushboo Yadav','Sati Sahu','Neelesh Mastkar','06:00-14:30','14-Feb-19','MPPKVVCL_05'),(127,'MSD16720','MSD16720','MSD16720','Neha Ahirwar','Sati Sahu','Neelesh Mastkar','06:00-14:30','14-Feb-19','MPPKVVCL_05'),(128,'MSD16721','MSD16721','MSD16721','Poorvi Bajpai','Sati Sahu','Neelesh Mastkar','06:00-14:30','14-Feb-19','MPPKVVCL_05'),(129,'MSD16722','MSD16722','MSD16722','Rashi Chouksey','Sati Sahu','Neelesh Mastkar','06:00-14:30','14-Feb-19','MPPKVVCL_05'),(130,'MSD16862','MSD16862','MSD16862','Adil Ahmed','Shahbaz Khan','Neelesh Mastkar','14:30-23:00','3-Mar-19','MPPKVVCL_07'),(131,'MSD16454','MSD16454','MSD16454','Lucky Shivhare','Prashant Rajput','Anjay Kumar','23:00-07:30','17-Jan-19','MPPKVVCL_02'),(132,'MSD17077','MSD17077','MSD17077','Ashwini Gohar','Aarti Gupta','Anjay Kumar','06:00-14:30','27-Mar-19','MPPKVVCL_09'),(133,'MSD16974','MSD16974','MSD16974','Aditya Singh','Chandan Jangade','Neelesh Mastkar','14:30-23:00','15-Mar-19','MPPKVVCL_08'),(134,'MSD15880','MSD15880','MSD15880','Ajay Kushwah','Shahbaz Khan','Neelesh Mastkar','14:30-23:00','11-Oct-18','MPPKVVCL_01'),(135,'MSD16788','MSD16788','MSD16788','Anuj Kumar Lodhi','Shahbaz Khan','Neelesh Mastkar','23:00-07:30','22-Feb-19','MPPKVVCL_06'),(136,'MSD16534','MSD16534','MSD16534','Arjun Singh Thakur','Shahbaz Khan','Neelesh Mastkar','14:30-23:00','31-Jan-19','MPPKVVCL_03'),(137,'MSD16572','MSD16572','MSD16572','Bhupendra Singh Thak','Shahbaz Khan','Neelesh Mastkar','23:00-07:30','31-Jan-19','MPPKVVCL_03'),(138,'MSD15797','MSD15797','MSD15797','Eric Deepak Reddy','Pradip Birla','Anjay Kumar','23:00-07:30','11-Oct-18','MPPKVVCL_01'),(139,'MSD16771','MSD16771','MSD16771','Hritik Yadav','Shahbaz Khan','Neelesh Mastkar','14:30-23:00','22-Feb-19','MPPKVVCL_06'),(140,'MSD16770','MSD16770','MSD16770','keshav chadar','Pradip Birla','Anjay Kumar','14:30-23:00','23-Feb-19','MPPKVVCL_06'),(141,'MSD16522','MSD16522','MSD16522','Manish Kumar Jhariya','Shahbaz Khan','Neelesh Mastkar','14:30-23:00','1-Feb-19','MPPKVVCL_03'),(142,'MSD16702','MSD16702','MSD16702','Mayank Meshram','Shahbaz Khan','Neelesh Mastkar','14:30-23:00','14-Feb-19','MPPKVVCL_05'),(143,'MSD15893','MSD15893','MSD15893','Mo. Sameer Khan','Shahbaz Khan','Neelesh Mastkar','14:30-23:00','14-Oct-18','MPPKVVCL_01'),(144,'MSD15886','MSD15886','MSD15886','Rajeev Yadav','Shahbaz Khan','Neelesh Mastkar','14:30-23:00','11-Oct-18','MPPKVVCL_01'),(145,'MSD16779','MSD16779','MSD16779','Rakesh Sarathe','Pradip Birla','Anjay Kumar','14:30-23:00','22-Feb-19','MPPKVVCL_06'),(146,'MSD15891','MSD15891','MSD15891','Rishab Patel ','Shahbaz Khan','Neelesh Mastkar','14:30-23:00','14-Oct-18','MPPKVVCL_01'),(147,'MSD16569','MSD16569','MSD16569','Rohit Dwevidi','Shahbaz Khan','Neelesh Mastkar','23:00-07:30','31-Jan-19','MPPKVVCL_03'),(148,'MSD16565','MSD16565','MSD16565','Sandeep Choubey','Pradip Birla','Anjay Kumar','14:30-23:00','31-Jan-19','MPPKVVCL_03'),(149,'MSD16898','MSD16898','MSD16898','Satish Kumar Ben','Shahbaz Khan','Neelesh Mastkar','14:30-23:00','2-Mar-19','MPPKVVCL_07'),(150,'MSD15885','MSD15885','MSD15885','Shiril soni ','Shahbaz Khan','Neelesh Mastkar','14:30-23:00','11-Oct-18','MPPKVVCL_01'),(151,'MSD16455','MSD16455','MSD16455','Shivam Kumar Soni','Shahbaz Khan','Neelesh Mastkar','23:00-07:30','17-Jan-19','MPPKVVCL_02'),(152,'MSD16560','MSD16560','MSD16560','Shubham Kumar','Shahbaz Khan','Neelesh Mastkar','14:30-23:00','31-Jan-19','MPPKVVCL_03'),(153,'MSD16536','MSD16536','MSD16536','Akash Vishwakarama','Chandan Jangade','Anjay Kumar','14:30-23:00','31-Jan-19','MPPKVVCL_03'),(154,'MSD16698','MSD16698','MSD16698','Akash Peter','Pradip Birla','Anjay Kumar','23:00-07:30','14-Feb-19','MPPKVVCL_05'),(155,'MSD17063','MSD17063','MSD17063','Gajendra Shivhare','Pradeep Tembhre','Neelesh Mastkar','14:30-23:00','27-Mar-19','MPPKVVCL_09'),(156,'MSD17073','MSD17073','MSD17073','Hitesh Shukla','Chandan Jangade','Anjay Kumar','14:30-23:00','27-Mar-19','MPPKVVCL_09'),(157,'MSD16571','MSD16571','MSD16571','Ankit Yadav','Chandan Jangade','Neelesh Mastkar','23:00-07:30','31-Jan-19','MPPKVVCL_03'),(158,'MSD16785','MSD16785','MSD16785','Mayank Kushwaha','Pradeep Tembhre','Neelesh Mastkar','14:30-23:00','22-Feb-19','MPPKVVCL_06'),(159,'MSD16886','MSD16886','MSD16886','Ankit Gadewal','Pradip Birla','Anjay Kumar','23:00-07:30','3-Mar-19','MPPKVVCL_07'),(160,'MSD16773','MSD16773','MSD16773','Ankit Patel','Pradip Birla','Anjay Kumar','23:00-07:30','22-Feb-19','MPPKVVCL_06'),(161,'MSD16632','MSD16632','MSD16632','Anupam Patel','Pradip Birla','Anjay Kumar','23:00-07:30','8-Feb-19','MPPKVVCL_04'),(162,'MSD15814','MSD15814','MSD15814','Vishal kumar','Shahbaz Khan','Neelesh Mastkar','14:30-23:00','11-Oct-18','MPPKVVCL_01'),(163,'MSD16559','MSD16559','MSD16559','Vivek kumar','Shahbaz Khan','Neelesh Mastkar','14:30-23:00','31-Jan-19','MPPKVVCL_03'),(164,'MSD16610','MSD16610','MSD16610','Awdhesh Singh Rajput','Vikas Yadav','Vaibhav Yadav','14:30-23:00','8-Feb-19','MPPKVVCL_04'),(165,'MSD16975','MSD16975','MSD16975','Bhavesh Jaishinghai','Prashant Rajput','Anjay Kumar','14:30-23:00','15-Mar-19','MPPKVVCL_08'),(166,'MSD16777','MSD16777','MSD16777','Deepak Patel','Vikas Yadav','Vaibhav Yadav','14:30-23:00','22-Feb-19','MPPKVVCL_06'),(167,'MSD16557','MSD16557','MSD16557','Gaurav Shukla','Vikas Yadav','Vaibhav Yadav','23:00-07:30','31-Jan-19','MPPKVVCL_03'),(168,'MSD17067','MSD17067','MSD17067','Govind Rajak','Prashant Rajput','Anjay Kumar','23:00-07:30','27-Mar-19','MPPKVVCL_09'),(169,'MSD17014','MSD17014','MSD17014','Harshit Rao naidu','Prashant Tiwari','Vaibhav Yadav','23:00-07:30','16-Mar-19','MPPKVVCL_08'),(170,'MSD16631','MSD16631','MSD16631','Hemant Kashyap','Vikas Yadav','Vaibhav Yadav','14:30-23:00','8-Feb-19','MPPKVVCL_04'),(171,'MSD16630','MSD16630','MSD16630','Kapil Verma','Vikas Yadav','Vaibhav Yadav','23:00-07:30','8-Feb-19','MPPKVVCL_04'),(172,'MSD16775','MSD16775','MSD16775','Neeraj Tomar','Vikas Yadav','Vaibhav Yadav','14:30-23:00','23-Feb-19','MPPKVVCL_06'),(173,'MSD15804','MSD15804','MSD15804','Peter Damion Reddy','Vikas Yadav','Vaibhav Yadav','23:00-07:30','11-Oct-18','MPPKVVCL_01'),(174,'MSD16547','MSD16547','MSD16547','Prashant Chaturvedi','Vikas Yadav','Vaibhav Yadav','14:30-23:00','31-Jan-19','MPPKVVCL_03'),(175,'MSD16877','MSD16877','MSD16877','Radhe shyam Kushwaha','Prashant Tiwari','Vaibhav Yadav','14:30-23:00','2-Mar-19','MPPKVVCL_07'),(176,'MSD15876','MSD15876','MSD15876','Sachin Rao','Vikas Yadav','Vaibhav Yadav','14:30-23:00','11-Oct-18','MPPKVVCL_01'),(177,'MSD16783','MSD16783','MSD16783','Sameer Tiwari','Vikas Yadav','Vaibhav Yadav','23:00-07:30','22-Feb-19','MPPKVVCL_06'),(178,'MSD16776','MSD16776','MSD16776','Shresht Gupta','Vikas Yadav','Vaibhav Yadav','23:00-07:30','23-Feb-19','MPPKVVCL_06'),(179,'MSD16538','MSD16538','MSD16538','Siddhart Pandey','Vikas Yadav','Vaibhav Yadav','14:30-23:00','31-Jan-19','MPPKVVCL_03'),(180,'MSD16537','MSD16537','MSD16537','Sunil Kumar Tripathi','Vikas Yadav','Vaibhav Yadav','14:30-23:00','31-Jan-19','MPPKVVCL_03'),(181,'MSD16786','MSD16786','MSD16786','Vikas patel','Vikas Yadav','Vaibhav Yadav','23:00-07:30','22-Feb-19','MPPKVVCL_06'),(182,'MSD16861','MSD16861','MSD16861','Ziyaul Hasan','Vikas Yadav','Vaibhav Yadav','14:30-23:00','2-Mar-19','MPPKVVCL_07'),(183,'MSD16615','MSD16615','MSD16615','Shyamu Kachi','Prashant Rajput','Anjay Kumar','23:00-07:30','30-Jan-19','MPPKVVCL_04'),(184,'MSD17332','MSD17332','MSD17332','Anjali Markam','Lakshmi dewangan','Vaibhav Yadav','06:00-14:30','7-May-19','MPPKVVCL_11'),(185,'MSD17345','MSD17345','MSD17345','Mohit Shrivastava','Pradeep Tembhre','Neelesh Mastkar','14:30-23:00','7-May-19','MPPKVVCL_11'),(186,'MSD17335','MSD17335','MSD17335','Vijay Chourha','Pradip Birla','Anjay Kumar','14:30-23:00','7-May-19','MPPKVVCL_11'),(187,'MSD17336','MSD17336','MSD17336','Jitendra Kushwaha','Pradip Birla','Anjay Kumar','23:00-07:30','7-May-19','MPPKVVCL_11'),(188,'MSD17343','MSD17343','MSD17343','Ravi Yadav','Prashant Rajput','Anjay Kumar','23:00-07:30','7-May-19','MPPKVVCL_11'),(189,'MSD17344','MSD17344','MSD17344','Neelesh Singh Rajput','Prashant Tiwari','Vaibhav Yadav','23:00-07:30','7-May-19','MPPKVVCL_11'),(190,'MSD17326','MSD17326','MSD17326','Lekha Yadav','Sati Sahu','Neelesh Mastkar','06:00-14:30','7-May-19','MPPKVVCL_11'),(191,'MSD17327','MSD17327','MSD17327','Roshni Kachhi','Sati Sahu','Neelesh Mastkar','06:00-14:30','7-May-19','MPPKVVCL_11'),(192,'MSD17328','MSD17328','MSD17328','Khushbu Dahayat','Sati Sahu','Neelesh Mastkar','06:00-14:30','7-May-19','MPPKVVCL_11'),(193,'MSD17330','MSD17330','MSD17330','Reetu Sahu','Sati Sahu','Neelesh Mastkar','06:00-14:30','7-May-19','MPPKVVCL_11'),(194,'MSD17331','MSD17331','MSD17331','Madhuri Rajput','Sati Sahu','Neelesh Mastkar','06:00-14:30','7-May-19','MPPKVVCL_11'),(195,'MSD17341','MSD17341','MSD17341','Pravesh Katare','Shahbaz Khan','Neelesh Mastkar','14:30-23:00','7-May-19','MPPKVVCL_11'),(196,'MSD17431','MSD17431','MSD17431','Ankit Agarwal','Pradip Birla','Anjay Kumar','23:00-07:30','19-May-19','MPPKVVCL_12'),(197,'MSD17435','MSD17435','MSD17435','Akhilesh Singh','Pradip Birla','Anjay Kumar','23:00-07:30','19-May-19','MPPKVVCL_12'),(198,'MSD17438','MSD17438','MSD17438','Vivek Kashyap','Pradip Birla','Anjay Kumar','23:00-07:30','19-May-19','MPPKVVCL_12'),(199,'MSD17442','MSD17442','MSD17442','Kanchan Kirme','Lakshmi dewangan','Vaibhav Yadav','06:00-14:30','19-May-19','MPPKVVCL_12'),(200,'MSD17446','MSD17446','MSD17446','Priyanshu Jain','Pradip Birla','Anjay Kumar','23:00-07:30','19-May-19','MPPKVVCL_12'),(201,'MSD17449','MSD17449','MSD17449','Rahul Soni','Shahbaz Khan','Neelesh Mastkar','14:30-23:00','19-May-19','MPPKVVCL_12'),(202,'MSD17450','MSD17450','MSD17450','Vishwas Patel','Pradip Birla','Anjay Kumar','23:00-07:30','19-May-19','MPPKVVCL_12'),(203,'MSD17452','MSD17452','MSD17452','Samagra Patel','Vikas Yadav','Vaibhav Yadav','23:00-07:30','19-May-19','MPPKVVCL_12'),(204,'MSD17453','MSD17453','MSD17453','Arbaj Kureshi','Shahbaz Khan','Neelesh Mastkar','23:00-07:30','19-May-19','MPPKVVCL_12'),(205,'MSD17455','MSD17455','MSD17455','Sahiba Qureshi','Sati Sahu','Neelesh Mastkar','06:00-14:30','19-May-19','MPPKVVCL_12'),(206,'MSD17433','MSD17433','MSD17433','Shubham  Kushwaha','Prashant Tiwari','Vaibhav Yadav','23:00-07:30','20-May-19','MPPKVVCL_12'),(207,'MSD17436','MSD17436','MSD17436','Manju Lal Kushwaha','Chandan Jangade','Neelesh Mastkar','23:00-07:30','20-May-19','MPPKVVCL_12'),(208,'MSD17454','MSD17454','MSD17454','vipin Gautam','Vikas Yadav','Vaibhav Yadav','14:30-23:00','20-May-19','MPPKVVCL_12'),(209,'MSD16624','MSD16624','MSD16624','Shraddha Namdeo','Sati Sahu','Neelesh Mastkar','06:00-14:30','9-Feb-19','MPPKVVCL_04'),(210,'MSD17570','MSD17570','MSD17570','Monika Choubey','Aarti Gupta','Anjay Kumar','06:00-14:30','7-Jun-19','MPPKVVCL_13'),(211,'MSD17571','MSD17571','MSD17571','Khushbu Patel','Aarti Gupta','Anjay Kumar','06:00-14:30','7-Jun-19','MPPKVVCL_13'),(212,'MSD17595','MSD17595','MSD17595','Harshit Visvakarma','Chandan Jangade','Anjay Kumar','14:30-23:00','7-Jun-19','MPPKVVCL_13'),(213,'MSD17596','MSD17596','MSD17596','shivendra nanhet','Chandan Jangade','Vaibhav Yadav','14:30-23:00','7-Jun-19','MPPKVVCL_13'),(214,'MSD17587','MSD17587','MSD17587','Roshni Visvakarma','Lakshmi dewangan','Vaibhav Yadav','06:00-14:30','7-Jun-19','MPPKVVCL_13'),(215,'MSD17588','MSD17588','MSD17588','Durga Choudhary','Lakshmi dewangan','Vaibhav Yadav','06:00-14:30','7-Jun-19','MPPKVVCL_13'),(216,'MSD17594','MSD17594','MSD17594','Rishabh Yadav','Pradeep Tembhre','Neelesh Mastkar','14:30-23:00','8-Jun-19','MPPKVVCL_13'),(217,'MSD17581','MSD17581','MSD17581','Ram Chakravarti','Pradeep Tembhre','Neelesh Mastkar','14:30-23:00','8-Jun-19','MPPKVVCL_13'),(218,'MSD17573','MSD17573','MSD17573','Durgesh Rajput','Pradeep Tembhre','Neelesh Mastkar','14:30-23:00','7-Jun-19','MPPKVVCL_13'),(219,'MSD17574','MSD17574','MSD17574','Abhishek Tiwari','Pradeep Tembhre','Neelesh Mastkar','23:00-07:30','7-Jun-19','MPPKVVCL_13'),(220,'MSD17575','MSD17575','MSD17575','Om Chakravarti ','Pradeep Tembhre','Neelesh Mastkar','23:00-07:30','7-Jun-19','MPPKVVCL_13'),(221,'MSD17572','MSD17572','MSD17572','Tushar Kanojiya','Pradeep Tembhre','Neelesh Mastkar','14:30-23:00','7-Jun-19','MPPKVVCL_13'),(222,'MSD17598','MSD17598','MSD17598','Rohit Singh','Pradip Birla','Anjay Kumar','23:00-07:30','7-Jun-19','MPPKVVCL_13'),(223,'MSD17599','MSD17599','MSD17599','Rohit Shrivastav','Pradip Birla','Anjay Kumar','14:30-23:00','7-Jun-19','MPPKVVCL_13'),(224,'MSD17576','MSD17576','MSD17576','Shravan Patel','Prashant Rajput','Anjay Kumar','14:30-23:00','7-Jun-19','MPPKVVCL_13'),(225,'MSD17577','MSD17577','MSD17577','Vicky Patel','Prashant Rajput','Anjay Kumar','23:00-07:30','7-Jun-19','MPPKVVCL_13'),(226,'MSD17583','MSD17583','MSD17583','Shubham Dubey ','Prashant Rajput','Anjay Kumar','23:00-07:30','7-Jun-19','MPPKVVCL_13'),(227,'MSD17597','MSD17597','MSD17597','Shreekant Burman','Prashant tiwari','Vaibhav Yadav','14:30-23:00','7-Jun-19','MPPKVVCL_13'),(228,'MSD17601','MSD17601','MSD17601','Denzil Gregory','Prashant tiwari','Vaibhav Yadav','14:30-23:00','7-Jun-19','MPPKVVCL_13'),(229,'MSD17566','MSD17566','MSD17566','Megha Patkar','Sati Sahu','Neelesh Mastkar','06:00-14:30','7-Jun-19','MPPKVVCL_13'),(230,'MSD17569','MSD17569','MSD17569','Pallavi Smith','Sati Sahu','Neelesh Mastkar','06:00-14:30','7-Jun-19','MPPKVVCL_13'),(231,'MSD17589','MSD17589','MSD17589','Chandani Ansari','Sati Sahu','Neelesh Mastkar','06:00-14:30','7-Jun-19','MPPKVVCL_13'),(232,'MSD17578','MSD17578','MSD17578','Pawan Dehariya','Shahbaz Khan','Neelesh Mastkar','14:30-23:00','7-Jun-19','MPPKVVCL_13'),(233,'MSD17579','MSD17579','MSD17579','Vipendra Kosta','Shahbaz Khan','Neelesh Mastkar','23:00-07:30','7-Jun-19','MPPKVVCL_13'),(234,'MSD17580','MSD17580','MSD17580','Kapil Sahu','Shahbaz Khan','Neelesh Mastkar','14:30-23:00','7-Jun-19','MPPKVVCL_13'),(235,'MSD15897','MSD15897','MSD15897','Preeti Uikey','Lakshmi dewangan','Vaibhav Yadav','06:00-14:30','11-Oct-18','MPPKVVCL_01'),(236,'MSD16542','MSD16542','MSD16542','Nisha Ben','Aarti Gupta','Anjay Kumar','06:00-14:30','31-Jan-19','MPPKVVCL_03'),(237,'MSD17747','MSD17747','MSD17747','Abhishek Dahiya','Chandan Jangade','Anjay Kumar','14:30-23:00','27-Jun-19','MPPKVVCL_14'),(238,'MSD17759','MSD17759','MSD17759','Abhishek Jain','Chandan Jangade','Vaibhav Yadav','14:30-23:00','27-Jun-19','MPPKVVCL_14'),(239,'MSD17762','MSD17762','MSD17762','Abhishek Rajput','Pradip Birla','Anjay Kumar','14:30-23:00','27-Jun-19','MPPKVVCL_14'),(240,'MSD17748','MSD17748','MSD17748','Adarsh dubey','Chandan Jangade','Anjay Kumar','14:30-23:00','27-Jun-19','MPPKVVCL_14'),(241,'MSD17743','MSD17743','MSD17743','Ajay Ganguly','Pradeep Tembhre','Neelesh Mastkar','14:30-23:00','27-Jun-19','MPPKVVCL_14'),(242,'MSD17742','MSD17742','MSD17742','Alok Patel','Pradeep Tembhre','Neelesh Mastkar','14:30-23:00','27-Jun-19','MPPKVVCL_14'),(243,'MSD17753','MSD17753','MSD17753','Aman Vishwakarma','Vikas Yadav','Vaibhav Yadav','14:30-23:00','27-Jun-19','MPPKVVCL_14'),(244,'MSD17770','MSD17770','MSD17770','Ashish Warkade','Chandan Jangade','Anjay Kumar','14:30-23:00','27-Jun-19','MPPKVVCL_14'),(245,'MSD17755','MSD17755','MSD17755','Dinesh Patel','Vikas Yadav','Vaibhav Yadav','14:30-23:00','27-Jun-19','MPPKVVCL_14'),(246,'MSD17768','MSD17768','MSD17768','Kajal Kori','Sati Sahu','Neelesh Mastkar','06:00-14:30','27-Jun-19','MPPKVVCL_14'),(247,'MSD17771','MSD17771','MSD17771','Mukesh Patel','Chandan Jangade','Anjay Kumar','14:30-23:00','27-Jun-19','MPPKVVCL_14'),(248,'MSD17739','MSD17739','MSD17739','Neha Rawtel','Lakshmi dewangan','Vaibhav Yadav','06:00-14:30','27-Jun-19','MPPKVVCL_14'),(249,'MSD17752','MSD17752','MSD17752','Paras Tripathi','Shahbaz Khan','Neelesh Mastkar','14:30-23:00','27-Jun-19','MPPKVVCL_14'),(250,'MSD17761','MSD17761','MSD17761','Prateek gupta','Pradip Birla','Anjay Kumar','14:30-23:00','27-Jun-19','MPPKVVCL_14'),(251,'MSD17769','MSD17769','MSD17769','Preeti Paigwar','Aarti Gupta','Anjay Kumar','06:00-14:30','27-Jun-19','MPPKVVCL_14'),(252,'MSD17760','MSD17760','MSD17760','Raj singh rajput','Pradip Birla','Anjay Kumar','14:30-23:00','27-Jun-19','MPPKVVCL_14'),(253,'MSD17754','MSD17754','MSD17754','Rajendra choudhary','Vikas Yadav','Vaibhav Yadav','14:30-23:00','27-Jun-19','MPPKVVCL_14'),(254,'MSD17757','MSD17757','MSD17757','Sahil singh thakur','Vikas Yadav','Vaibhav Yadav','14:30-23:00','27-Jun-19','MPPKVVCL_14'),(255,'MSD17749','MSD17749','MSD17749','Samarth Mishra','Chandan Jangade','Neelesh Mastkar','14:30-23:00','27-Jun-19','MPPKVVCL_14'),(256,'MSD17756','MSD17756','MSD17756','Satyam sen','Vikas Yadav','Vaibhav Yadav','14:30-23:00','27-Jun-19','MPPKVVCL_14'),(257,'MSD17751','MSD17751','MSD17751','Shivam Garhate','Shahbaz Khan','Neelesh Mastkar','14:30-23:00','27-Jun-19','MPPKVVCL_14'),(258,'MSD17744','MSD17744','MSD17744','Sumit Ku.Patel','Chandan Jangade','Neelesh Mastkar','14:30-23:00','27-Jun-19','MPPKVVCL_14'),(259,'MSD17764','MSD17764','MSD17764','Udit Singh thakur','Prashant tiwari','Vaibhav Yadav','14:30-23:00','27-Jun-19','MPPKVVCL_14'),(260,'MSD17758','MSD17758','MSD17758','Vaishnav Naik','Chandan Jangade','Vaibhav Yadav','14:30-23:00','27-Jun-19','MPPKVVCL_14'),(261,'MSD17765','MSD17765','MSD17765','Vikas Tiwari','Prashant Rajput','Anjay Kumar','14:30-23:00','27-Jun-19','MPPKVVCL_14'),(262,'MSD17740','MSD17740','MSD17740','Yoshita Rawtel','Lakshmi dewangan','Vaibhav Yadav','06:00-14:30','27-Jun-19','MPPKVVCL_14'),(263,'MSD17746','MSD17746','MSD17746','Harsh yadav','Vikas Yadav','Vaibhav Yadav','14:30-23:00','28-Jun-19','MPPKVVCL_14'),(264,'MSD17750','MSD17750','MSD17750','Ankit Mehra','Vikas Yadav','Vaibhav Yadav','14:30-23:00','28-Jun-19','MPPKVVCL_14'),(265,'MSD17763','MSD17763','MSD17763','Ayush singh','Vikas Yadav','Vaibhav Yadav','14:30-23:00','28-Jun-19','MPPKVVCL_14');
/*!40000 ALTER TABLE `idms` ENABLE KEYS */;
UNLOCK TABLES;

--
-- Table structure for table `menubar`
--

DROP TABLE IF EXISTS `menubar`;
/*!40101 SET @saved_cs_client     = @@character_set_client */;
/*!40101 SET character_set_client = utf8 */;
CREATE TABLE `menubar` (
  `id` int(11) NOT NULL AUTO_INCREMENT,
  `name` varchar(200) NOT NULL,
  PRIMARY KEY (`id`)
) ENGINE=InnoDB AUTO_INCREMENT=17 DEFAULT CHARSET=utf8;
/*!40101 SET character_set_client = @saved_cs_client */;

--
-- Dumping data for table `menubar`
--

LOCK TABLES `menubar` WRITE;
/*!40000 ALTER TABLE `menubar` DISABLE KEYS */;
INSERT INTO `menubar` VALUES (1,'Settings'),(2,'Staff'),(3,'Agents'),(4,'Audit'),(5,'Reports'),(6,'Audit\'s'),(7,'All Audit\'s'),(8,'All Audit\'s TL'),(9,'FTP'),(10,'MOM'),(11,'MOM Audit\'s'),(12,'Supervises'),(13,'Supervises Audit'),(14,'Supervises Audit\'s'),(15,'Supervises Dashboard'),(16,'Agents Performance');
/*!40000 ALTER TABLE `menubar` ENABLE KEYS */;
UNLOCK TABLES;

--
-- Table structure for table `process_log`
--

DROP TABLE IF EXISTS `process_log`;
/*!40101 SET @saved_cs_client     = @@character_set_client */;
/*!40101 SET character_set_client = utf8 */;
CREATE TABLE `process_log` (
  `id` int(11) NOT NULL AUTO_INCREMENT,
  `name` varchar(20) NOT NULL,
  `user_id` varchar(20) NOT NULL,
  `password` varchar(255) NOT NULL,
  `logo` text NOT NULL,
  `user_type` int(11) NOT NULL,
  `status` enum('0','1') NOT NULL,
  PRIMARY KEY (`id`),
  UNIQUE KEY `user_id` (`user_id`)
) ENGINE=InnoDB AUTO_INCREMENT=48 DEFAULT CHARSET=utf8;
/*!40101 SET character_set_client = @saved_cs_client */;

--
-- Dumping data for table `process_log`
--

LOCK TABLES `process_log` WRITE;
/*!40000 ALTER TABLE `process_log` DISABLE KEYS */;
INSERT INTO `process_log` VALUES (1,'MPPKVVCL','MPPKVVCL','MPPKVVCL','uploads/5eeb4e0506189_nidanlogo.jpg',2,'1'),(2,'CMHL','CMHL','CMHL','CMHL',2,'1'),(3,'NIYO','NIYO','NIYO','NIYO',2,'1'),(4,'Admin','admin','admin','ADMIN',1,'1'),(5,'CMHL','MSD17631','MSD17631','logo',3,'1'),(6,'MPPKVVCL','MSD15860','MSD15860','logo',3,'1'),(7,'MPPKVVCL','MSD16011','MSD16011','logo',3,'1'),(8,'MPPKVVCL','MSD16661','MSD16661','logo',3,'1'),(10,'CMHL','CMHL2496','CMHL2496','CMHL',3,'1'),(11,'CMHL','CMHL18016','CMHL18016','CMHL',3,'1'),(12,'CMHL','CMHL18226','CMHL18226','CMHL',3,'1'),(13,'CMHL','CMHL19226','CMHL19226','CMHL',3,'1'),(14,'CMHL','CMHL18268','CMHL18268','CMHL',3,'1'),(15,'CMHL','CMHL17938','CMHL17938','CMHL',3,'1'),(16,'CMHL','CMHL17720','CMHL17720','CMHL',3,'1'),(17,'CMHL','CMHL18076','CMHL18076','CMHL',3,'1'),(18,'CMHL','CMHL3702','CMHL3702','CMHL',3,'1'),(19,'CMHL','CMHL17920','CMHL17920','CMHL',3,'1'),(20,'CMHL','CMHL18823','CMHL18823','CMHL',3,'1'),(21,'CMHL','CMHL18072','CMHL18072','CMHL',3,'1'),(22,'CMHL','CMHL18269','CMHL18269','CMHL',3,'1'),(23,'CMHL','CMHL18246','CMHL18246','CMHL',3,'1'),(24,'CMHL','CMHL17989','CMHL17989','CMHL',3,'1'),(25,'CMHL','CMHL17719','CMHL17719','CMHL',3,'1'),(26,'CMHL','CMHL18049','CMHL18049','CMHL',3,'1'),(27,'CMHL','CMHL18520','CMHL18520','CMHL',3,'1'),(28,'CMHL','CMHL18294','CMHL18294','CMHL',3,'1'),(29,'CMHL','CMHL18308','CMHL18308','CMHL',3,'1'),(30,'CMHL','CMHL18264','CMHL18264','CMHL',3,'1'),(31,'CMHL','CMHL4422','CMHL4422','CMHL',3,'1'),(32,'CMHL','CMHL18530','CMHL18530','CMHL',3,'1'),(33,'CMHL','CMHL18295','CMHL18295','CMHL',3,'1'),(34,'CMHL','CMHL18847','CMHL18847','CMHL',3,'1'),(35,'CMHL','ajaymali','ajaymali','CMHL',3,'1'),(36,'CMHL','CMHL18292','CMHL18292','CMHL',3,'1'),(37,'CMHL','CMHL18183','CMHL18183','CMHL',3,'1'),(38,'CMHL','CMHL18687','CMHL18687','CMHL',3,'1'),(39,'CMHL','CMHL18587','CMHL18587','CMHL',3,'1'),(40,'CMHL','CMHL17721','CMHL17721','CMHL',3,'1'),(41,'CMHL','CMHL18501','CMHL18501','CMHL',3,'1'),(42,'CMHL','Uma_M','Uma_M','CMHL',3,'1'),(43,'JIO','joi','joi','logo',2,'1'),(46,'NIYO','MSD12345','MSD12345','logo',3,'1'),(47,'NIYO','NIYO123456','NIYO123456','logo',3,'1');
/*!40000 ALTER TABLE `process_log` ENABLE KEYS */;
UNLOCK TABLES;

--
-- Table structure for table `rbac`
--

DROP TABLE IF EXISTS `rbac`;
/*!40101 SET @saved_cs_client     = @@character_set_client */;
/*!40101 SET character_set_client = utf8 */;
CREATE TABLE `rbac` (
  `id` int(11) NOT NULL AUTO_INCREMENT,
  `employee_id` int(11) NOT NULL,
  `permission` text NOT NULL,
  PRIMARY KEY (`id`)
) ENGINE=InnoDB AUTO_INCREMENT=24 DEFAULT CHARSET=utf8;
/*!40101 SET character_set_client = @saved_cs_client */;

--
-- Dumping data for table `rbac`
--

LOCK TABLES `rbac` WRITE;
/*!40000 ALTER TABLE `rbac` DISABLE KEYS */;
INSERT INTO `rbac` VALUES (1,23,'3'),(2,1,'1,2,3,4,5,6,7,8,9,10,11,12,13,14,15,16'),(3,8,'1,2,3,4,5,6,7,8,9,10,11,12,13,14,16'),(4,20,'3,4,5,6,7,15'),(5,22,'3,4,5,6,7,15'),(6,19,'4,8,15'),(7,9,'1,2,3,4,5,6,7,8,9,10,11'),(8,25,'9'),(9,12,'4,8,15'),(10,24,'4,8,15'),(11,11,'3,4,5,6,7,15'),(12,18,'4,8,15'),(13,17,'4,8,15'),(14,16,'4,8,15'),(15,15,'4,8,15'),(16,14,'4,8,15'),(17,13,'4,8,15'),(18,6,'8'),(19,10,'8'),(20,7,'8'),(21,10,'8'),(22,27,'4,8,15'),(23,28,'4,8,15');
/*!40000 ALTER TABLE `rbac` ENABLE KEYS */;
UNLOCK TABLES;

--
-- Table structure for table `shifts`
--

DROP TABLE IF EXISTS `shifts`;
/*!40101 SET @saved_cs_client     = @@character_set_client */;
/*!40101 SET character_set_client = utf8 */;
CREATE TABLE `shifts` (
  `id` int(11) NOT NULL AUTO_INCREMENT,
  `name` varchar(20) NOT NULL,
  `status` enum('0','1') NOT NULL DEFAULT '1',
  PRIMARY KEY (`id`)
) ENGINE=InnoDB AUTO_INCREMENT=4 DEFAULT CHARSET=utf8;
/*!40101 SET character_set_client = @saved_cs_client */;

--
-- Dumping data for table `shifts`
--

LOCK TABLES `shifts` WRITE;
/*!40000 ALTER TABLE `shifts` DISABLE KEYS */;
INSERT INTO `shifts` VALUES (1,'23:00-07:30','1'),(2,'14:30-23:00','1'),(3,'06:00-14:30','1');
/*!40000 ALTER TABLE `shifts` ENABLE KEYS */;
UNLOCK TABLES;

--
-- Table structure for table `supervises`
--

DROP TABLE IF EXISTS `supervises`;
/*!40101 SET @saved_cs_client     = @@character_set_client */;
/*!40101 SET character_set_client = utf8 */;
CREATE TABLE `supervises` (
  `id` int(11) NOT NULL AUTO_INCREMENT,
  `emp_id` varchar(20) NOT NULL,
  `password` varchar(20) NOT NULL DEFAULT '123456',
  `name` varchar(50) NOT NULL,
  `employee_id_TL` int(11) NOT NULL,
  `employee_id_AM` int(11) NOT NULL,
  `shift_id` int(11) NOT NULL,
  `DOJ` date NOT NULL,
  `process` varchar(20) NOT NULL,
  `gender` int(11) NOT NULL,
  `batch_no` int(11) NOT NULL,
  `status` enum('0','1') NOT NULL DEFAULT '1' COMMENT '0 for close 1 for active',
  `lastLogin` date NOT NULL,
  PRIMARY KEY (`id`),
  KEY `id` (`id`)
) ENGINE=InnoDB AUTO_INCREMENT=382 DEFAULT CHARSET=utf8;
/*!40101 SET character_set_client = @saved_cs_client */;

--
-- Dumping data for table `supervises`
--

LOCK TABLES `supervises` WRITE;
/*!40000 ALTER TABLE `supervises` DISABLE KEYS */;
INSERT INTO `supervises` VALUES (368,'MSD16681','123456','Sati Sahu',12,6,3,'2019-02-06','mppkvccl',0,5,'1','0000-00-00'),(369,'MSD16012','123456','Ambuj Sharma',29,30,2,'2018-10-29','MPPKVVCL',1,1,'1','0000-00-00'),(370,'MSD16661','123456','Abhishek Kushwaha',29,30,2,'2019-02-04','MPPKVVCL',1,5,'1','0000-00-00'),(371,'MSD16011','123456','Sanyogita Raikwar',29,30,3,'2018-10-17','MPPKVVCL',0,1,'1','0000-00-00'),(372,'MSD15861','123456','Mohammad Shahbaz Khan',15,7,2,'2018-10-08','MPPKVVCL',1,1,'1','0000-00-00'),(373,'MSD16680','123456','Lakshmi Devangan',29,30,3,'2019-02-09','MPPKVVCL',0,5,'1','0000-00-00'),(374,'MSD17093','123456','Prashant Tiwari',16,10,1,'2019-03-22','MPPKVVCL',1,9,'1','0000-00-00'),(375,'MSD16682','123456','Vikas Yadav',13,10,2,'2019-02-07','MPPKVVCL',1,5,'1','0000-00-00'),(376,'MSD16520','123456','Prashant Rajpoot',14,10,1,'2019-01-22','MPPKVVCL',1,3,'1','0000-00-00'),(377,'MSD17293','123456','Pradip Birla',18,7,2,'2019-04-24','MPPKVVCL',1,11,'1','0000-00-00'),(378,'MSD13609','123456','Chandan Jangade',19,7,2,'2019-05-21','MPPKVVCL',1,12,'1','0000-00-00'),(379,'MSD19714','123456','Neeras Dhruw',24,6,3,'2019-10-25','MPPKVVCL',0,18,'1','0000-00-00'),(380,'MSD20240','123456','Abhishek Tyagi',27,7,2,'2020-01-17','MPPKVVCL',1,20,'1','0000-00-00'),(381,'MSD16554','123456','Ankita Choudhary',28,6,3,'2019-01-31','MPPKVVCL',1,3,'1','0000-00-00');
/*!40000 ALTER TABLE `supervises` ENABLE KEYS */;
UNLOCK TABLES;

--
-- Table structure for table `user_type`
--

DROP TABLE IF EXISTS `user_type`;
/*!40101 SET @saved_cs_client     = @@character_set_client */;
/*!40101 SET character_set_client = utf8 */;
CREATE TABLE `user_type` (
  `id` int(11) NOT NULL AUTO_INCREMENT,
  `name` varchar(20) NOT NULL,
  PRIMARY KEY (`id`)
) ENGINE=InnoDB AUTO_INCREMENT=4 DEFAULT CHARSET=utf8;
/*!40101 SET character_set_client = @saved_cs_client */;

--
-- Dumping data for table `user_type`
--

LOCK TABLES `user_type` WRITE;
/*!40000 ALTER TABLE `user_type` DISABLE KEYS */;
INSERT INTO `user_type` VALUES (1,'Admin'),(2,'Process'),(3,'User');
/*!40000 ALTER TABLE `user_type` ENABLE KEYS */;
UNLOCK TABLES;
/*!40103 SET TIME_ZONE=@OLD_TIME_ZONE */;

/*!40101 SET SQL_MODE=@OLD_SQL_MODE */;
/*!40014 SET FOREIGN_KEY_CHECKS=@OLD_FOREIGN_KEY_CHECKS */;
/*!40014 SET UNIQUE_CHECKS=@OLD_UNIQUE_CHECKS */;
/*!40101 SET CHARACTER_SET_CLIENT=@OLD_CHARACTER_SET_CLIENT */;
/*!40101 SET CHARACTER_SET_RESULTS=@OLD_CHARACTER_SET_RESULTS */;
/*!40101 SET COLLATION_CONNECTION=@OLD_COLLATION_CONNECTION */;
/*!40111 SET SQL_NOTES=@OLD_SQL_NOTES */;

-- Dump completed on 2020-07-15 13:39:41
